order_date,order_id,customer_id,order_spend,market_segment,geo_segment
2023-01-01,1,15,36.0,Electronics,National
2023-01-01,2,100,179.48,Food and nutrition,National
2023-01-02,3,86,141.47,Food and nutrition,International
2023-01-02,4,142,65.1,Household items,National
2023-01-03,5,64,36.06,Electronics,National
2023-01-04,6,96,121.95,Household items,National
2023-01-04,7,50,144.41,Electronics,International
2023-01-04,8,17,82.82,Household items,National
2023-01-05,9,74,71.75,Household items,National
2023-01-05,10,52,37.79,Electronics,National
2023-01-06,18,15,96.77,Electronics,National
2023-01-06,17,127,50.6,Electronics,National
2023-01-06,16,78,194.58,Food and nutrition,International
2023-01-06,15,110,179.14,Food and nutrition,National
2023-01-06,13,134,133.7,Electronics,International
2023-01-06,12,1,75.07,Electronics,National
2023-01-06,11,109,99.36,Electronics,International
2023-01-06,14,146,60.42,Food and nutrition,National
2023-01-07,19,147,159.45,Electronics,International
2023-01-07,20,132,118.72,Electronics,National
2023-01-08,21,44,52.82,Food and nutrition,National
2023-01-09,22,31,132.82,Electronics,International
2023-01-09,23,11,149.75,Electronics,National
2023-01-10,24,19,109.07,Food and nutrition,National
2023-01-10,25,10,147.07,Electronics,National
2023-01-10,26,48,148.3,Electronics,National
2023-01-11,27,13,89.5,Electronics,National
2023-01-12,28,68,94.55,Food and nutrition,International
2023-01-12,29,95,79.42,Electronics,National
2023-01-13,30,104,122.37,Electronics,National
2023-01-14,31,13,127.44,Electronics,National
2023-01-14,32,89,88.49,Electronics,National
2023-01-15,33,21,39.84,Electronics,National
2023-01-15,34,25,79.73,Food and nutrition,National
2023-01-15,35,125,147.02,Electronics,National
2023-01-15,36,86,82.19,Electronics,National
2023-01-15,37,31,43.9,Electronics,National
2023-01-16,38,10,84.54,Electronics,International
2023-01-16,39,69,148.91,Electronics,National
2023-01-16,40,94,170.76,Household items,National
2023-01-17,46,130,156.23,Electronics,National
2023-01-17,44,107,28.59,Electronics,National
2023-01-17,45,149,149.88,Food and nutrition,International
2023-01-17,42,29,35.09,Household items,National
2023-01-17,43,105,94.64,Electronics,National
2023-01-17,41,58,117.91,Electronics,National
2023-01-18,47,74,191.52,Electronics,National
2023-01-18,48,33,24.2,Electronics,National
2023-01-19,51,142,129.27,Electronics,National
2023-01-19,52,65,107.1,Electronics,National
2023-01-19,49,89,153.68,Electronics,National
2023-01-19,50,101,168.3,Electronics,National
2023-01-20,53,46,49.99,Electronics,National
2023-01-21,54,59,121.66,Electronics,International
2023-01-22,55,98,182.84,Electronics,International
2023-01-22,56,36,67.69,Household items,International
2023-01-22,57,85,71.75,Electronics,National
2023-01-22,58,115,143.68,Electronics,National
2023-01-23,63,3,43.07,Food and nutrition,National
2023-01-23,61,1,128.85,Electronics,National
2023-01-23,62,111,60.84,Electronics,National
2023-01-23,60,14,42.21,Electronics,National
2023-01-23,59,40,21.55,Food and nutrition,National
2023-01-24,64,73,105.2,Electronics,National
2023-01-24,65,52,110.93,Food and nutrition,National
2023-01-24,66,135,20.28,Household items,International
2023-01-24,67,136,84.9,Electronics,International
2023-01-24,68,18,47.43,Food and nutrition,National
2023-01-24,69,89,53.02,Electronics,National
2023-01-25,70,99,98.13,Electronics,National
2023-01-25,71,126,83.55,Electronics,International
2023-01-26,72,117,134.67,Household items,National
2023-01-27,73,136,122.81,Food and nutrition,International
2023-01-27,74,93,146.0,Electronics,National
2023-01-27,75,65,193.69,Electronics,International
2023-01-28,79,50,104.3,Electronics,National
2023-01-28,78,52,114.82,Electronics,National
2023-01-28,77,138,176.31,Electronics,International
2023-01-28,76,49,193.59,Household items,National
2023-01-29,80,94,53.01,Electronics,International
2023-01-29,81,32,58.96,Food and nutrition,International
2023-01-29,82,41,195.27,Household items,International
2023-01-29,83,139,41.79,Electronics,National
2023-01-30,84,24,93.15,Electronics,National
2023-01-30,85,121,65.9,Household items,National
2023-01-30,86,134,101.35,Electronics,National
2023-01-30,87,107,36.02,Electronics,National
2023-01-31,88,34,191.56,Food and nutrition,National
2023-01-31,89,24,154.01,Electronics,National
2023-01-31,90,76,54.55,Household items,International
2023-01-31,91,123,149.4,Electronics,International
2023-02-01,94,18,59.23,Electronics,International
2023-02-01,92,78,74.99,Electronics,National
2023-02-01,93,17,61.48,Electronics,International
2023-02-03,95,73,32.49,Electronics,International
2023-02-04,96,84,166.75,Household items,International
2023-02-04,97,6,97.02,Food and nutrition,National
2023-02-04,98,67,54.41,Food and nutrition,National
2023-02-04,99,98,155.31,Electronics,National
2023-02-04,100,97,130.21,Electronics,National
2023-02-05,101,94,22.71,Electronics,International
2023-02-05,102,13,129.76,Electronics,National
2023-02-05,103,32,134.33,Electronics,National
2023-02-06,104,108,102.29,Electronics,National
2023-02-06,105,87,137.43,Electronics,National
2023-02-07,107,98,21.95,Electronics,National
2023-02-07,106,140,50.23,Food and nutrition,International
2023-02-08,108,74,72.07,Household items,National
2023-02-09,109,106,165.64,Electronics,International
2023-02-10,110,54,25.9,Electronics,National
2023-02-10,111,33,157.09,Food and nutrition,National
2023-02-10,112,52,41.23,Electronics,National
2023-02-11,113,84,191.2,Electronics,National
2023-02-11,114,12,158.78,Electronics,National
2023-02-11,115,129,178.93,Electronics,National
2023-02-12,116,63,192.29,Food and nutrition,National
2023-02-12,117,31,50.58,Food and nutrition,National
2023-02-12,118,76,93.47,Household items,National
2023-02-13,120,15,112.39,Household items,National
2023-02-13,119,14,182.16,Household items,National
2023-02-13,121,29,138.52,Household items,International
2023-02-14,126,149,76.06,Household items,National
2023-02-14,125,68,37.47,Electronics,International
2023-02-14,124,57,135.88,Household items,National
2023-02-14,123,57,135.09,Food and nutrition,National
2023-02-14,122,131,180.85,Electronics,National
2023-02-15,127,131,183.25,Electronics,National
2023-02-15,128,140,78.13,Electronics,National
2023-02-15,129,51,151.13,Electronics,National
2023-02-15,130,61,111.45,Food and nutrition,National
2023-02-16,131,67,145.57,Electronics,International
2023-02-16,132,142,106.97,Electronics,International
2023-02-16,133,86,124.75,Electronics,National
2023-02-17,134,56,196.42,Electronics,National
2023-02-17,135,118,147.77,Electronics,National
2023-02-17,136,5,88.42,Electronics,National
2023-02-18,138,120,21.81,Food and nutrition,National
2023-02-18,139,11,25.0,Food and nutrition,National
2023-02-18,137,56,127.86,Electronics,National
2023-02-19,140,81,80.92,Electronics,International
2023-02-19,141,38,58.23,Electronics,National
2023-02-19,142,37,58.04,Electronics,National
2023-02-19,143,81,159.64,Electronics,National
2023-02-19,144,91,163.44,Household items,National
2023-02-19,145,136,48.21,Food and nutrition,National
2023-02-19,146,122,45.55,Electronics,National
2023-02-20,147,141,184.88,Household items,National
2023-02-20,148,136,21.25,Electronics,National
2023-02-21,152,41,161.27,Food and nutrition,International
2023-02-21,149,61,61.47,Electronics,National
2023-02-21,150,76,41.49,Electronics,National
2023-02-21,151,84,93.25,Electronics,International
2023-02-22,156,108,58.45,Food and nutrition,National
2023-02-22,155,102,82.41,Food and nutrition,National
2023-02-22,153,16,34.24,Electronics,National
2023-02-22,154,68,24.96,Food and nutrition,National
2023-02-23,157,113,182.24,Food and nutrition,International
2023-02-23,158,108,168.81,Household items,National
2023-02-23,159,37,149.17,Electronics,National
2023-02-23,160,46,74.13,Food and nutrition,International
2023-02-24,161,17,146.83,Household items,National
2023-02-24,162,46,124.53,Food and nutrition,International
2023-02-24,163,22,98.64,Electronics,National
2023-02-24,164,25,61.04,Electronics,International
2023-02-25,165,140,31.43,Electronics,International
2023-02-25,166,122,157.64,Food and nutrition,National
2023-02-25,167,19,127.33,Electronics,National
2023-02-26,168,82,134.58,Electronics,International
2023-02-27,170,83,95.84,Electronics,National
2023-02-27,169,52,68.88,Electronics,National
2023-02-28,171,47,74.85,Electronics,International
2023-02-28,172,117,141.17,Electronics,National
2023-02-28,173,17,106.79,Electronics,National
2023-02-28,174,58,133.19,Electronics,International
2023-02-28,175,4,28.72,Household items,National
2023-03-01,176,91,180.11,Food and nutrition,National
2023-03-01,177,78,89.82,Food and nutrition,National
2023-03-01,178,29,45.27,Electronics,International
2023-03-02,179,104,199.41,Electronics,National
2023-03-02,180,123,45.32,Electronics,National
2023-03-03,181,37,184.72,Electronics,National
2023-03-03,182,108,61.34,Electronics,National
2023-03-04,183,52,68.25,Electronics,National
2023-03-05,188,7,180.13,Electronics,National
2023-03-05,189,142,162.21,Food and nutrition,National
2023-03-05,187,24,117.79,Food and nutrition,National
2023-03-05,186,135,35.0,Food and nutrition,National
2023-03-05,185,58,162.43,Electronics,International
2023-03-05,184,139,67.5,Household items,International
2023-03-06,190,23,43.62,Electronics,National
2023-03-06,191,84,132.33,Electronics,International
2023-03-07,192,129,47.43,Food and nutrition,International
2023-03-07,193,136,49.67,Electronics,National
2023-03-08,194,75,58.27,Food and nutrition,National
2023-03-08,195,92,141.1,Food and nutrition,International
2023-03-09,196,144,102.12,Electronics,International
2023-03-10,197,135,40.73,Electronics,International
2023-03-10,198,103,111.78,Electronics,National
2023-03-11,204,42,182.6,Electronics,National
2023-03-11,203,88,175.02,Food and nutrition,National
2023-03-11,202,29,80.14,Electronics,International
2023-03-11,200,26,175.7,Food and nutrition,National
2023-03-11,199,9,190.91,Electronics,National
2023-03-11,201,93,100.65,Electronics,National
2023-03-12,205,73,65.6,Household items,International
2023-03-12,206,87,96.9,Electronics,National
2023-03-12,207,74,151.21,Electronics,National
2023-03-12,208,146,187.44,Electronics,National
2023-03-12,209,40,151.75,Electronics,National
2023-03-12,210,21,61.58,Electronics,International
2023-03-13,211,53,199.82,Electronics,National
2023-03-14,212,12,40.35,Electronics,National
2023-03-14,213,35,66.39,Electronics,National
2023-03-14,214,124,142.64,Food and nutrition,International
2023-03-14,215,24,58.24,Electronics,National
2023-03-15,220,119,104.06,Electronics,International
2023-03-15,219,78,61.98,Electronics,National
2023-03-15,217,79,173.71,Food and nutrition,International
2023-03-15,216,41,172.37,Electronics,National
2023-03-15,218,27,77.64,Food and nutrition,National
2023-03-16,221,88,30.06,Household items,National
2023-03-17,222,102,68.31,Electronics,National
2023-03-17,223,84,132.53,Electronics,National
2023-03-17,224,36,170.83,Electronics,International
2023-03-17,225,136,91.01,Electronics,National
2023-03-17,226,85,194.53,Electronics,International
2023-03-17,227,92,195.62,Electronics,National
2023-03-18,228,89,140.09,Electronics,National
2023-03-19,231,44,148.15,Food and nutrition,International
2023-03-19,229,106,142.96,Electronics,International
2023-03-19,230,83,159.17,Food and nutrition,National
2023-03-20,235,106,145.29,Household items,National
2023-03-20,234,87,28.46,Food and nutrition,International
2023-03-20,233,140,188.38,Electronics,National
2023-03-20,232,15,107.24,Household items,National
2023-03-21,236,137,168.77,Food and nutrition,National
2023-03-21,237,133,115.95,Electronics,International
2023-03-21,238,32,129.34,Electronics,National
2023-03-21,239,92,37.28,Electronics,National
2023-03-22,243,30,101.15,Household items,National
2023-03-22,240,76,60.15,Food and nutrition,National
2023-03-22,241,44,50.8,Household items,National
2023-03-22,242,20,154.28,Household items,International
2023-03-23,245,61,37.13,Household items,International
2023-03-23,246,47,96.26,Food and nutrition,International
2023-03-23,244,97,35.69,Electronics,National
2023-03-23,247,146,28.33,Food and nutrition,National
2023-03-24,249,33,164.46,Food and nutrition,National
2023-03-24,248,9,69.57,Electronics,National
2023-03-25,250,14,167.3,Electronics,National
2023-03-25,251,144,69.39,Electronics,National
2023-03-25,252,24,115.73,Food and nutrition,National
2023-03-25,253,68,58.68,Electronics,National
2023-03-25,254,23,161.95,Household items,National
2023-03-27,255,22,34.34,Electronics,National
2023-03-27,256,36,70.82,Electronics,International
2023-03-27,257,11,69.6,Household items,International
2023-03-27,258,102,169.12,Electronics,International
2023-03-27,259,103,71.48,Food and nutrition,International
2023-03-28,266,21,95.41,Food and nutrition,National
2023-03-28,265,108,134.98,Electronics,International
2023-03-28,263,144,111.53,Food and nutrition,National
2023-03-28,264,3,43.52,Electronics,International
2023-03-28,261,71,176.71,Electronics,National
2023-03-28,260,60,81.62,Electronics,International
2023-03-28,262,141,165.38,Food and nutrition,International
2023-03-29,267,101,149.34,Food and nutrition,National
2023-03-29,268,135,188.57,Electronics,National
2023-03-30,269,140,28.08,Electronics,National
2023-03-30,270,21,46.19,Electronics,National
2023-03-30,271,48,82.04,Household items,National
2023-03-31,272,67,182.29,Household items,National
2023-03-31,273,80,168.39,Electronics,National
2023-03-31,274,122,147.43,Electronics,National
2023-04-01,275,95,160.36,Food and nutrition,International
2023-04-01,276,104,142.97,Household items,National
2023-04-01,277,34,126.32,Electronics,National
2023-04-02,278,129,39.18,Electronics,National
2023-04-03,283,78,40.16,Household items,National
2023-04-03,282,134,25.62,Food and nutrition,National
2023-04-03,279,147,130.43,Food and nutrition,National
2023-04-03,280,111,140.45,Electronics,National
2023-04-03,281,141,83.67,Electronics,International
2023-04-04,284,58,68.97,Electronics,National
2023-04-05,285,70,146.5,Electronics,International
2023-04-05,286,145,64.62,Electronics,National
2023-04-05,287,17,142.86,Electronics,National
2023-04-05,288,34,131.39,Electronics,National
2023-04-05,289,114,135.27,Electronics,National
2023-04-05,290,137,174.18,Electronics,National
2023-04-06,291,42,27.63,Electronics,National
2023-04-06,292,130,164.63,Food and nutrition,National
2023-04-06,293,94,90.21,Electronics,National
2023-04-06,294,55,139.11,Electronics,National
2023-04-07,295,11,170.19,Electronics,National
2023-04-08,296,65,126.46,Food and nutrition,International
2023-04-09,297,94,37.94,Food and nutrition,National
2023-04-09,298,109,84.52,Electronics,National
2023-04-09,299,75,143.81,Household items,National
2023-04-09,300,132,93.14,Electronics,International
2023-04-10,301,35,171.6,Food and nutrition,International
2023-04-11,302,60,97.18,Electronics,National
2023-04-11,303,19,131.02,Electronics,International
2023-04-11,304,80,63.44,Electronics,National
2023-04-11,305,143,88.17,Electronics,International
2023-04-12,306,103,151.9,Electronics,National
2023-04-12,307,78,56.59,Food and nutrition,National
2023-04-12,308,112,39.26,Electronics,National
2023-04-12,309,17,108.27,Electronics,National
2023-04-13,312,37,89.36,Household items,National
2023-04-13,311,111,105.91,Household items,National
2023-04-13,310,10,97.87,Food and nutrition,National
2023-04-14,313,34,150.2,Electronics,National
2023-04-15,314,122,156.39,Food and nutrition,National
2023-04-15,315,23,95.77,Electronics,International
2023-04-15,316,5,34.28,Food and nutrition,National
2023-04-15,317,78,82.08,Food and nutrition,National
2023-04-15,318,74,43.28,Electronics,National
2023-04-15,319,29,158.22,Electronics,International
2023-04-16,320,95,105.25,Electronics,National
2023-04-16,321,48,189.8,Food and nutrition,National
2023-04-16,322,36,95.18,Food and nutrition,National
2023-04-17,323,99,31.05,Electronics,National
2023-04-18,324,83,81.18,Electronics,National
2023-04-19,327,35,181.21,Household items,International
2023-04-19,325,14,151.64,Food and nutrition,International
2023-04-19,326,93,154.71,Electronics,International
2023-04-20,328,112,178.86,Food and nutrition,National
2023-04-20,329,76,147.07,Electronics,International
2023-04-21,330,17,61.25,Household items,National
2023-04-22,331,52,106.09,Household items,International
2023-04-22,332,147,45.41,Electronics,International
2023-04-22,333,21,116.17,Electronics,International
2023-04-24,334,117,57.74,Food and nutrition,National
2023-04-24,335,40,60.48,Electronics,National
2023-04-24,336,74,39.56,Electronics,National
2023-04-25,338,129,93.34,Household items,International
2023-04-25,337,10,150.34,Household items,National
2023-04-26,341,54,112.32,Household items,National
2023-04-26,342,15,194.46,Electronics,National
2023-04-26,339,32,85.35,Electronics,International
2023-04-26,340,100,172.9,Electronics,National
2023-04-28,343,78,106.86,Household items,National
2023-04-28,344,85,179.94,Electronics,National
2023-04-28,345,52,191.9,Food and nutrition,National
2023-04-28,346,31,90.64,Food and nutrition,National
2023-04-29,347,16,73.5,Electronics,National
2023-04-29,348,3,135.93,Food and nutrition,National
2023-04-30,349,82,117.3,Food and nutrition,National
2023-05-01,350,15,59.88,Electronics,National
2023-05-01,351,47,131.63,Household items,National
2023-05-01,352,136,181.08,Electronics,National
2023-05-02,353,41,198.28,Food and nutrition,National
2023-05-02,354,126,141.76,Electronics,International
2023-05-02,355,40,26.28,Electronics,International
2023-05-03,359,122,43.35,Electronics,National
2023-05-03,360,114,135.83,Electronics,National
2023-05-03,357,107,74.55,Electronics,International
2023-05-03,356,4,74.98,Household items,National
2023-05-03,358,102,68.98,Household items,National
2023-05-04,361,14,105.67,Food and nutrition,National
2023-05-04,362,88,53.4,Electronics,National
2023-05-04,363,91,181.21,Electronics,National
2023-05-04,364,24,155.58,Electronics,International
2023-05-04,365,114,191.11,Household items,National
2023-05-04,366,15,151.63,Electronics,National
2023-05-05,367,37,157.17,Electronics,National
2023-05-05,368,25,171.24,Electronics,National
2023-05-06,369,89,103.86,Electronics,International
2023-05-06,370,14,22.63,Electronics,National
2023-05-07,371,23,144.97,Electronics,International
2023-05-07,372,94,101.36,Household items,National
2023-05-08,374,9,91.78,Electronics,National
2023-05-08,373,17,60.06,Electronics,National
2023-05-09,375,133,73.63,Food and nutrition,National
2023-05-10,376,73,94.0,Electronics,National
2023-05-10,377,65,166.65,Household items,International
2023-05-10,378,109,154.01,Electronics,National
2023-05-10,379,140,184.45,Electronics,National
2023-05-11,380,120,174.46,Electronics,International
2023-05-11,381,89,21.65,Food and nutrition,National
2023-05-12,382,94,154.24,Electronics,National
2023-05-12,383,5,177.57,Food and nutrition,National
2023-05-13,384,47,24.47,Household items,National
2023-05-13,385,27,148.29,Electronics,National
2023-05-13,386,121,66.15,Food and nutrition,International
2023-05-13,387,7,173.53,Electronics,International
2023-05-14,388,49,161.98,Electronics,International
2023-05-15,390,23,90.48,Food and nutrition,National
2023-05-15,389,93,104.98,Electronics,National
2023-05-16,391,12,67.63,Electronics,National
2023-05-16,392,40,155.37,Electronics,National
2023-05-16,393,103,106.79,Food and nutrition,National
2023-05-16,394,5,56.9,Electronics,National
2023-05-17,395,11,68.64,Food and nutrition,National
2023-05-17,396,63,184.49,Food and nutrition,National
2023-05-17,397,131,24.1,Food and nutrition,National
2023-05-17,398,48,29.34,Electronics,International
2023-05-18,399,122,40.3,Electronics,National
2023-05-18,400,25,67.58,Electronics,National
2023-05-18,401,21,80.86,Electronics,National
2023-05-18,402,61,48.13,Electronics,International
2023-05-19,404,4,123.66,Household items,International
2023-05-19,405,119,25.03,Household items,National
2023-05-19,403,33,83.54,Food and nutrition,National
2023-05-20,406,44,128.72,Electronics,National
2023-05-20,407,33,115.39,Electronics,National
2023-05-20,408,30,164.03,Electronics,International
2023-05-20,409,35,192.2,Household items,National
2023-05-21,410,69,130.34,Electronics,National
2023-05-21,411,91,179.9,Food and nutrition,National
2023-05-21,412,105,154.55,Electronics,National
2023-05-22,413,78,198.0,Food and nutrition,National
2023-05-22,414,114,144.22,Electronics,National
2023-05-22,415,57,75.71,Electronics,National
2023-05-23,420,51,26.84,Electronics,International
2023-05-23,419,40,28.85,Electronics,National
2023-05-23,418,48,152.68,Electronics,National
2023-05-23,417,20,194.91,Food and nutrition,International
2023-05-23,416,47,27.45,Electronics,National
2023-05-24,421,146,37.31,Food and nutrition,National
2023-05-24,422,89,27.94,Electronics,National
2023-05-24,423,30,60.42,Household items,International
2023-05-25,424,65,22.36,Food and nutrition,National
2023-05-25,425,118,150.77,Food and nutrition,National
2023-05-25,426,75,179.38,Food and nutrition,National
2023-05-26,427,49,73.29,Electronics,National
2023-05-26,428,118,146.48,Electronics,International
2023-05-27,429,5,48.0,Food and nutrition,International
2023-05-27,430,90,169.71,Electronics,International
2023-05-27,431,148,169.48,Electronics,International
2023-05-28,433,66,187.97,Electronics,National
2023-05-28,434,91,194.54,Household items,National
2023-05-28,432,62,51.3,Food and nutrition,National
2023-05-29,437,33,79.54,Electronics,International
2023-05-29,435,11,199.25,Food and nutrition,National
2023-05-29,436,112,45.04,Electronics,International
2023-05-30,438,149,83.61,Electronics,National
2023-05-30,439,13,161.33,Household items,National
2023-05-31,440,57,188.24,Electronics,National
2023-05-31,441,17,29.79,Household items,National
2023-05-31,442,87,184.48,Electronics,International
2023-05-31,443,9,188.91,Food and nutrition,National
2023-05-31,444,13,31.77,Electronics,National
2023-05-31,445,138,74.74,Household items,International
2023-05-31,446,16,68.4,Electronics,National
2023-05-31,447,35,38.33,Food and nutrition,National
2023-05-31,448,77,133.52,Household items,International
2023-06-01,449,117,90.97,Electronics,International
2023-06-01,450,43,132.17,Household items,National
2023-06-02,452,145,61.56,Household items,International
2023-06-02,451,29,198.77,Food and nutrition,National
2023-06-03,453,122,69.88,Household items,National
2023-06-03,454,98,144.05,Food and nutrition,International
2023-06-03,455,58,90.51,Food and nutrition,National
2023-06-03,456,107,113.34,Electronics,National
2023-06-03,457,135,97.74,Electronics,National
2023-06-03,458,111,35.44,Household items,National
2023-06-04,459,125,110.09,Electronics,National
2023-06-04,460,98,185.33,Food and nutrition,International
2023-06-04,461,113,160.91,Household items,National
2023-06-04,462,89,61.0,Food and nutrition,National
2023-06-04,463,23,113.85,Household items,National
2023-06-05,467,115,45.19,Food and nutrition,International
2023-06-05,466,50,162.24,Electronics,International
2023-06-05,465,32,158.37,Electronics,National
2023-06-05,464,1,86.86,Electronics,National
2023-06-06,468,15,186.8,Electronics,National
2023-06-07,469,41,94.93,Household items,National
2023-06-07,470,6,21.06,Food and nutrition,National
2023-06-07,471,127,88.8,Electronics,National
2023-06-07,472,23,107.68,Household items,National
2023-06-09,473,92,190.14,Electronics,International
2023-06-10,474,89,184.22,Electronics,International
2023-06-10,475,119,28.3,Household items,National
2023-06-10,476,89,189.21,Electronics,International
2023-06-10,477,123,95.81,Food and nutrition,National
2023-06-10,478,127,123.3,Food and nutrition,International
2023-06-10,479,135,45.9,Food and nutrition,National
2023-06-11,482,31,156.07,Household items,National
2023-06-11,480,112,52.82,Electronics,International
2023-06-11,481,111,148.69,Food and nutrition,National
2023-06-12,483,49,25.36,Household items,National
2023-06-12,484,143,174.97,Household items,National
2023-06-12,485,84,64.85,Food and nutrition,International
2023-06-12,486,3,115.4,Food and nutrition,National
2023-06-13,487,140,144.94,Food and nutrition,National
2023-06-14,492,49,49.73,Electronics,National
2023-06-14,488,147,111.04,Food and nutrition,National
2023-06-14,489,85,145.31,Food and nutrition,National
2023-06-14,490,128,86.44,Electronics,National
2023-06-14,491,6,96.4,Electronics,National
2023-06-15,493,35,33.4,Electronics,National
2023-06-16,494,141,32.47,Electronics,National
2023-06-16,495,17,77.24,Household items,National
2023-06-17,496,138,173.8,Household items,National
2023-06-18,499,43,24.89,Food and nutrition,National
2023-06-18,500,24,186.15,Electronics,International
2023-06-18,497,90,149.87,Food and nutrition,International
2023-06-18,498,98,181.8,Food and nutrition,National
2023-06-19,501,47,73.33,Electronics,International
2023-06-19,502,64,48.8,Electronics,National
2023-06-19,503,20,110.79,Electronics,International
2023-06-19,504,31,107.6,Electronics,National
2023-06-19,505,65,45.37,Food and nutrition,National
2023-06-20,506,17,73.08,Electronics,National
2023-06-20,507,139,102.61,Household items,National
2023-06-20,508,125,169.88,Electronics,National
2023-06-20,509,56,187.1,Electronics,National
2023-06-21,511,96,147.92,Household items,International
2023-06-21,512,57,100.54,Household items,National
2023-06-21,510,126,105.14,Food and nutrition,National
2023-06-22,513,121,191.66,Electronics,International
2023-06-22,514,88,95.64,Electronics,National
2023-06-22,515,36,114.59,Electronics,National
2023-06-23,516,67,184.21,Food and nutrition,National
2023-06-24,517,137,141.73,Food and nutrition,National
2023-06-24,518,61,159.45,Food and nutrition,National
2023-06-24,519,147,70.35,Food and nutrition,National
2023-06-25,520,94,157.2,Food and nutrition,National
2023-06-25,521,13,163.5,Electronics,International
2023-06-26,522,52,154.1,Electronics,National
2023-06-27,524,77,23.86,Electronics,National
2023-06-27,523,21,64.0,Electronics,National
2023-06-28,527,67,88.1,Household items,National
2023-06-28,528,60,104.18,Electronics,National
2023-06-28,525,80,195.53,Electronics,International
2023-06-28,526,47,96.85,Electronics,International
2023-06-29,529,29,115.66,Household items,National
2023-06-30,530,116,69.97,Food and nutrition,National
2023-06-30,531,98,180.54,Electronics,National
2023-06-30,532,24,33.62,Electronics,National
2023-07-01,533,99,199.32,Food and nutrition,National
2023-07-01,534,128,134.54,Household items,International
2023-07-01,535,119,34.95,Electronics,International
2023-07-01,536,131,120.02,Food and nutrition,National
2023-07-02,537,141,192.82,Electronics,International
2023-07-02,538,117,142.66,Electronics,National
2023-07-03,539,17,28.27,Food and nutrition,National
2023-07-04,544,59,160.9,Food and nutrition,National
2023-07-04,543,126,54.36,Electronics,National
2023-07-04,542,12,141.72,Household items,International
2023-07-04,540,10,37.88,Electronics,International
2023-07-04,541,77,109.82,Household items,National
2023-07-06,545,141,154.97,Electronics,National
2023-07-07,546,9,84.79,Electronics,National
2023-07-07,547,93,171.07,Food and nutrition,National
2023-07-07,548,90,72.04,Electronics,National
2023-07-08,549,132,59.48,Electronics,International
2023-07-08,550,41,87.53,Food and nutrition,National
2023-07-08,551,82,193.34,Household items,National
2023-07-09,552,61,154.2,Electronics,International
2023-07-09,553,57,109.35,Food and nutrition,National
2023-07-09,554,53,158.44,Electronics,National
2023-07-09,555,73,143.53,Electronics,International
2023-07-09,556,94,68.58,Electronics,International
2023-07-10,557,119,90.33,Electronics,National
2023-07-10,558,33,97.98,Food and nutrition,National
2023-07-11,560,38,91.11,Electronics,National
2023-07-11,559,112,24.33,Food and nutrition,International
2023-07-12,561,119,90.82,Electronics,National
2023-07-12,562,60,90.45,Household items,National
2023-07-12,563,74,169.87,Food and nutrition,National
2023-07-13,564,73,58.1,Electronics,International
2023-07-13,565,9,50.11,Household items,National
2023-07-13,566,97,76.7,Electronics,National
2023-07-13,567,125,199.37,Food and nutrition,International
2023-07-14,568,114,98.91,Electronics,National
2023-07-14,569,21,145.3,Electronics,National
2023-07-15,570,29,183.08,Household items,International
2023-07-15,571,110,136.63,Electronics,National
2023-07-16,574,12,110.31,Electronics,National
2023-07-16,573,66,105.51,Electronics,National
2023-07-16,572,45,27.55,Electronics,National
2023-07-17,575,90,88.51,Food and nutrition,National
2023-07-18,579,137,121.5,Food and nutrition,National
2023-07-18,578,126,145.0,Food and nutrition,National
2023-07-18,576,139,163.8,Electronics,National
2023-07-18,577,85,185.62,Household items,National
2023-07-19,580,81,29.03,Food and nutrition,National
2023-07-20,581,43,120.8,Food and nutrition,International
2023-07-21,582,24,32.95,Electronics,National
2023-07-21,583,111,74.46,Household items,International
2023-07-22,588,11,163.24,Food and nutrition,International
2023-07-22,590,70,177.29,Household items,International
2023-07-22,587,33,189.1,Household items,National
2023-07-22,589,136,183.76,Electronics,National
2023-07-22,585,120,121.74,Electronics,National
2023-07-22,584,134,143.24,Electronics,National
2023-07-22,586,15,148.54,Electronics,National
2023-07-23,594,38,71.49,Electronics,National
2023-07-23,593,113,188.46,Electronics,National
2023-07-23,591,145,157.28,Electronics,National
2023-07-23,592,139,77.25,Household items,National
2023-07-24,595,53,147.97,Electronics,National
2023-07-24,596,40,159.39,Household items,National
2023-07-25,597,101,179.97,Electronics,International
2023-07-25,598,98,53.07,Electronics,National
2023-07-25,599,25,28.84,Food and nutrition,International
2023-07-26,600,149,32.17,Food and nutrition,National
2023-07-26,601,124,167.35,Food and nutrition,National
2023-07-27,602,19,174.68,Food and nutrition,National
2023-07-28,603,96,27.87,Electronics,International
2023-07-29,606,138,175.79,Food and nutrition,National
2023-07-29,607,65,112.46,Electronics,National
2023-07-29,605,129,53.1,Electronics,International
2023-07-29,604,43,191.84,Electronics,National
2023-07-30,608,99,162.24,Electronics,National
2023-07-30,609,11,191.7,Electronics,National
2023-07-31,610,33,112.96,Food and nutrition,International
2023-07-31,611,14,118.91,Electronics,National
2023-07-31,612,24,148.28,Food and nutrition,National
2023-07-31,613,112,117.82,Electronics,National
2023-08-01,614,15,71.14,Electronics,National
2023-08-01,615,47,104.57,Electronics,National
2023-08-01,616,83,89.06,Electronics,National
2023-08-02,618,39,187.09,Electronics,National
2023-08-02,617,22,132.35,Electronics,National
2023-08-02,619,107,100.57,Electronics,National
2023-08-03,621,21,68.78,Electronics,International
2023-08-03,620,54,172.45,Electronics,International
2023-08-04,624,2,96.59,Electronics,National
2023-08-04,623,19,174.23,Electronics,National
2023-08-04,622,20,103.89,Food and nutrition,International
2023-08-05,625,39,56.41,Food and nutrition,National
2023-08-06,626,70,129.44,Household items,International
2023-08-06,627,37,91.82,Food and nutrition,National
2023-08-07,628,69,121.67,Household items,National
2023-08-07,629,41,167.09,Household items,National
2023-08-07,630,13,174.62,Electronics,National
2023-08-07,631,61,161.05,Food and nutrition,International
2023-08-08,632,53,73.08,Electronics,International
2023-08-09,633,103,95.65,Electronics,International
2023-08-09,634,145,137.91,Electronics,National
2023-08-10,635,2,111.53,Food and nutrition,International
2023-08-11,639,145,50.42,Food and nutrition,National
2023-08-11,638,112,186.24,Electronics,National
2023-08-11,637,4,30.28,Electronics,National
2023-08-11,636,111,23.12,Electronics,National
2023-08-12,640,102,126.74,Food and nutrition,National
2023-08-12,641,19,152.02,Electronics,National
2023-08-12,642,97,62.07,Food and nutrition,National
2023-08-12,643,23,107.79,Electronics,National
2023-08-13,644,69,41.25,Electronics,International
2023-08-13,645,37,125.55,Electronics,International
2023-08-13,646,103,175.41,Electronics,National
2023-08-14,647,101,147.86,Electronics,National
2023-08-14,648,134,142.35,Electronics,National
2023-08-15,652,149,179.96,Electronics,National
2023-08-15,651,57,134.17,Household items,International
2023-08-15,653,31,108.22,Food and nutrition,National
2023-08-15,649,135,22.21,Household items,International
2023-08-15,650,85,160.35,Electronics,National
2023-08-16,654,100,60.8,Electronics,National
2023-08-16,655,47,151.41,Electronics,National
2023-08-17,656,55,27.94,Household items,National
2023-08-17,657,128,34.24,Electronics,National
2023-08-17,658,81,122.33,Electronics,National
2023-08-18,659,132,45.02,Household items,National
2023-08-18,660,32,100.16,Food and nutrition,National
2023-08-18,661,70,46.74,Household items,National
2023-08-19,662,3,81.54,Food and nutrition,National
2023-08-19,663,67,21.01,Electronics,National
2023-08-19,664,124,78.92,Electronics,International
2023-08-20,668,122,197.8,Electronics,National
2023-08-20,667,35,121.67,Electronics,International
2023-08-20,665,95,59.13,Food and nutrition,International
2023-08-20,666,58,110.67,Electronics,National
2023-08-21,669,107,112.34,Electronics,National
2023-08-21,670,29,194.31,Household items,National
2023-08-21,671,33,83.29,Electronics,National
2023-08-22,672,98,132.15,Electronics,National
2023-08-23,676,60,167.29,Electronics,International
2023-08-23,675,89,166.72,Food and nutrition,International
2023-08-23,673,92,121.43,Food and nutrition,International
2023-08-23,674,144,125.73,Food and nutrition,International
2023-08-24,677,69,175.24,Household items,National
2023-08-24,678,39,143.3,Electronics,National
2023-08-24,679,96,145.55,Food and nutrition,National
2023-08-25,680,113,173.5,Food and nutrition,International
2023-08-26,681,106,82.59,Household items,International
2023-08-27,682,11,38.96,Electronics,International
2023-08-27,683,108,37.58,Electronics,National
2023-08-28,685,56,141.72,Electronics,International
2023-08-28,684,79,151.52,Food and nutrition,International
2023-08-29,686,36,128.21,Electronics,International
2023-08-29,687,68,105.76,Electronics,International
2023-08-30,688,80,161.69,Electronics,International
2023-08-30,689,75,104.17,Food and nutrition,National
2023-08-31,690,58,174.16,Food and nutrition,National
2023-08-31,691,33,33.27,Electronics,International
2023-08-31,692,10,62.84,Electronics,National
2023-09-01,693,47,94.61,Electronics,International
2023-09-01,694,5,163.82,Electronics,National
2023-09-01,695,5,108.6,Household items,National
2023-09-01,696,76,57.28,Food and nutrition,National
2023-09-02,701,92,68.66,Electronics,National
2023-09-02,700,74,94.9,Electronics,National
2023-09-02,699,56,180.83,Electronics,National
2023-09-02,698,52,65.97,Electronics,National
2023-09-02,697,57,94.81,Electronics,National
2023-09-04,702,133,137.17,Food and nutrition,National
2023-09-04,703,146,89.92,Electronics,National
2023-09-04,704,35,114.28,Food and nutrition,National
2023-09-04,705,46,195.72,Food and nutrition,National
2023-09-04,706,119,188.5,Electronics,National
2023-09-04,707,62,152.61,Food and nutrition,National
2023-09-05,708,85,26.93,Electronics,International
2023-09-05,709,43,74.32,Electronics,International
2023-09-05,710,79,175.89,Electronics,National
2023-09-05,711,55,175.46,Food and nutrition,National
2023-09-05,712,138,116.85,Household items,International
2023-09-05,713,37,97.65,Electronics,International
2023-09-06,716,108,90.06,Household items,National
2023-09-06,714,30,193.86,Electronics,National
2023-09-06,715,78,70.73,Electronics,International
2023-09-07,717,48,90.13,Food and nutrition,International
2023-09-07,718,107,56.11,Electronics,International
2023-09-07,719,52,72.92,Food and nutrition,National
2023-09-08,720,129,187.35,Food and nutrition,International
2023-09-08,721,145,71.74,Electronics,National
2023-09-08,722,8,56.32,Food and nutrition,International
2023-09-08,723,108,34.08,Electronics,International
2023-09-09,724,117,188.54,Household items,National
2023-09-10,725,134,199.23,Electronics,International
2023-09-11,728,48,40.52,Electronics,International
2023-09-11,726,56,69.41,Electronics,International
2023-09-11,727,121,163.14,Electronics,National
2023-09-12,730,18,162.78,Food and nutrition,National
2023-09-12,729,80,106.49,Electronics,National
2023-09-13,731,43,75.1,Food and nutrition,International
2023-09-13,732,129,153.27,Electronics,National
2023-09-13,733,64,96.25,Electronics,National
2023-09-14,734,123,171.13,Electronics,National
2023-09-14,735,14,119.9,Electronics,International
2023-09-14,736,102,162.0,Electronics,International
2023-09-14,737,80,158.62,Electronics,International
2023-09-14,738,53,60.1,Food and nutrition,International
2023-09-16,739,108,105.11,Electronics,National
2023-09-16,740,13,88.36,Electronics,National
2023-09-16,741,15,58.57,Electronics,International
2023-09-17,745,51,172.13,Electronics,International
2023-09-17,744,109,60.75,Electronics,National
2023-09-17,746,72,99.76,Electronics,National
2023-09-17,742,116,187.27,Household items,National
2023-09-17,743,55,95.17,Electronics,National
2023-09-19,748,26,147.53,Food and nutrition,National
2023-09-19,749,62,162.54,Electronics,International
2023-09-19,747,99,36.61,Food and nutrition,National
2023-09-20,750,48,87.56,Food and nutrition,National
2023-09-21,751,136,163.0,Electronics,National
2023-09-22,752,137,50.12,Electronics,National
2023-09-22,753,66,103.91,Household items,National
2023-09-23,754,36,45.67,Electronics,International
2023-09-23,755,97,74.22,Electronics,National
2023-09-23,756,9,198.25,Food and nutrition,International
2023-09-24,757,3,189.93,Electronics,International
2023-09-24,758,16,83.7,Electronics,National
2023-09-24,759,16,164.56,Electronics,National
2023-09-24,760,74,135.57,Food and nutrition,National
2023-09-25,763,41,55.3,Household items,National
2023-09-25,762,81,95.82,Electronics,International
2023-09-25,761,95,191.13,Electronics,National
2023-09-26,764,123,104.28,Electronics,National
2023-09-26,765,66,63.43,Electronics,International
2023-09-27,766,78,176.64,Electronics,National
2023-09-27,767,9,71.1,Electronics,National
2023-09-27,768,88,166.32,Electronics,National
2023-09-28,769,2,114.02,Food and nutrition,National
2023-09-28,770,4,113.71,Electronics,National
2023-09-28,771,134,59.36,Food and nutrition,National
2023-09-28,772,131,125.61,Electronics,National
2023-09-28,773,116,155.23,Electronics,International
2023-09-28,774,145,152.88,Household items,National
2023-09-29,777,95,29.9,Household items,National
2023-09-29,778,72,87.29,Food and nutrition,National
2023-09-29,775,143,144.16,Electronics,National
2023-09-29,776,83,150.03,Electronics,National
2023-09-30,779,112,98.83,Food and nutrition,International
2023-10-01,780,135,137.73,Electronics,National
2023-10-01,781,148,177.96,Electronics,National
2023-10-01,782,105,91.03,Food and nutrition,International
2023-10-02,783,29,35.2,Household items,International
2023-10-03,784,30,121.5,Electronics,National
2023-10-03,785,129,94.21,Electronics,National
2023-10-04,786,39,99.54,Food and nutrition,International
2023-10-04,787,109,104.39,Food and nutrition,National
2023-10-04,788,127,134.87,Food and nutrition,National
2023-10-04,789,117,180.22,Electronics,National
2023-10-04,790,147,32.96,Electronics,National
2023-10-06,792,112,37.04,Household items,International
2023-10-06,791,91,94.02,Electronics,National
2023-10-07,793,6,81.57,Electronics,National
2023-10-07,794,99,34.97,Household items,National
2023-10-08,795,74,44.72,Electronics,National
2023-10-09,796,135,24.06,Household items,National
2023-10-10,800,17,149.92,Electronics,International
2023-10-10,797,65,152.48,Electronics,International
2023-10-10,798,126,85.63,Food and nutrition,National
2023-10-10,799,64,39.29,Food and nutrition,National
2023-10-10,801,44,121.45,Electronics,National
2023-10-11,802,79,47.15,Food and nutrition,International
2023-10-11,803,88,164.82,Electronics,National
2023-10-11,804,143,93.9,Electronics,National
2023-10-12,806,17,93.69,Electronics,National
2023-10-12,807,75,146.69,Food and nutrition,National
2023-10-12,805,105,135.56,Electronics,National
2023-10-12,808,12,172.49,Electronics,International
2023-10-13,810,18,162.81,Electronics,International
2023-10-13,809,127,140.92,Electronics,National
2023-10-14,811,7,46.56,Household items,National
2023-10-14,812,116,187.81,Household items,International
2023-10-15,813,1,30.61,Food and nutrition,National
2023-10-15,814,76,55.5,Household items,International
2023-10-15,815,11,162.39,Household items,National
2023-10-15,816,65,122.76,Household items,International
2023-10-17,817,2,169.76,Electronics,National
2023-10-18,818,52,193.97,Electronics,National
2023-10-18,819,110,117.25,Electronics,International
2023-10-18,820,110,42.79,Electronics,International
2023-10-18,821,140,65.02,Food and nutrition,National
2023-10-18,822,65,135.38,Food and nutrition,National
2023-10-18,823,17,94.57,Food and nutrition,National
2023-10-19,824,99,42.9,Food and nutrition,International
2023-10-20,825,137,26.86,Electronics,National
2023-10-20,826,65,169.71,Electronics,National
2023-10-20,827,34,26.95,Food and nutrition,National
2023-10-21,828,93,172.76,Electronics,National
2023-10-21,829,144,44.95,Electronics,National
2023-10-21,830,137,182.64,Electronics,National
2023-10-22,831,80,37.53,Food and nutrition,National
2023-10-22,832,109,34.12,Electronics,National
2023-10-23,833,1,107.66,Food and nutrition,National
2023-10-23,834,130,188.24,Electronics,International
2023-10-23,835,111,69.72,Electronics,National
2023-10-23,836,106,122.73,Electronics,National
2023-10-24,843,109,23.46,Household items,National
2023-10-24,842,43,59.11,Electronics,International
2023-10-24,841,57,163.41,Electronics,International
2023-10-24,839,31,58.94,Food and nutrition,National
2023-10-24,838,137,134.1,Electronics,International
2023-10-24,837,74,29.54,Electronics,National
2023-10-24,840,132,116.22,Household items,National
2023-10-25,844,79,65.24,Electronics,National
2023-10-25,845,115,104.93,Electronics,National
2023-10-25,846,140,90.5,Food and nutrition,National
2023-10-25,847,117,171.19,Household items,National
2023-10-26,848,8,118.36,Electronics,National
2023-10-26,849,49,60.07,Electronics,National
2023-10-26,850,83,116.43,Food and nutrition,National
2023-10-27,851,4,159.05,Food and nutrition,National
2023-10-28,853,79,46.53,Food and nutrition,International
2023-10-28,852,134,70.51,Food and nutrition,National
2023-10-29,856,10,31.99,Electronics,National
2023-10-29,854,50,58.74,Electronics,National
2023-10-29,855,5,95.11,Household items,National
2023-10-30,857,19,81.86,Electronics,National
2023-10-31,858,101,150.0,Electronics,National
2023-11-01,859,40,152.15,Electronics,National
2023-11-01,860,2,94.69,Food and nutrition,National
2023-11-01,861,61,31.77,Food and nutrition,National
2023-11-01,862,117,165.61,Food and nutrition,International
2023-11-01,863,137,183.29,Electronics,National
2023-11-02,864,145,47.93,Household items,National
2023-11-02,865,102,136.39,Electronics,National
2023-11-03,867,129,71.65,Food and nutrition,National
2023-11-03,866,37,140.91,Household items,National
2023-11-04,870,149,108.74,Electronics,International
2023-11-04,871,121,54.12,Food and nutrition,National
2023-11-04,868,134,26.88,Food and nutrition,International
2023-11-04,869,2,174.79,Electronics,International
2023-11-05,874,27,69.01,Electronics,National
2023-11-05,873,39,155.08,Food and nutrition,International
2023-11-05,872,45,61.17,Food and nutrition,National
2023-11-06,875,122,146.73,Electronics,National
2023-11-06,876,14,87.82,Electronics,National
2023-11-06,877,110,120.39,Electronics,National
2023-11-06,878,61,146.15,Food and nutrition,National
2023-11-06,879,94,134.72,Electronics,National
2023-11-07,880,46,147.04,Electronics,National
2023-11-07,881,20,111.73,Electronics,National
2023-11-07,882,36,44.69,Electronics,National
2023-11-07,883,79,174.71,Food and nutrition,National
2023-11-07,884,104,41.15,Electronics,National
2023-11-08,885,4,70.94,Food and nutrition,International
2023-11-08,886,134,145.58,Electronics,National
2023-11-08,887,131,155.33,Electronics,International
2023-11-09,888,39,169.66,Household items,National
2023-11-11,889,132,130.59,Food and nutrition,National
2023-11-11,890,29,86.93,Food and nutrition,International
2023-11-11,891,105,21.11,Household items,International
2023-11-11,892,87,98.12,Electronics,National
2023-11-11,893,13,38.79,Electronics,National
2023-11-11,894,90,141.55,Food and nutrition,International
2023-11-11,895,59,89.52,Household items,International
2023-11-11,896,141,133.36,Electronics,International
2023-11-12,897,103,30.04,Electronics,National
2023-11-12,898,13,129.25,Household items,National
2023-11-13,899,50,44.96,Food and nutrition,International
2023-11-13,900,50,49.56,Food and nutrition,National
2023-11-14,906,132,177.14,Household items,National
2023-11-14,905,31,64.97,Food and nutrition,National
2023-11-14,904,129,35.62,Household items,National
2023-11-14,903,19,199.81,Food and nutrition,National
2023-11-14,902,13,144.31,Food and nutrition,International
2023-11-14,901,28,79.18,Electronics,National
2023-11-15,907,111,25.45,Electronics,National
2023-11-15,908,78,152.7,Electronics,National
2023-11-16,909,116,175.86,Electronics,National
2023-11-17,910,83,104.66,Food and nutrition,National
2023-11-17,911,91,46.95,Electronics,National
2023-11-17,912,125,173.22,Electronics,National
2023-11-17,913,16,194.58,Electronics,National
2023-11-18,914,83,127.54,Electronics,National
2023-11-19,915,58,125.36,Food and nutrition,National
2023-11-19,916,40,101.59,Food and nutrition,International
2023-11-19,917,122,32.68,Electronics,International
2023-11-19,918,131,137.83,Electronics,National
2023-11-20,923,35,79.21,Electronics,National
2023-11-20,922,131,124.95,Electronics,National
2023-11-20,919,98,140.7,Electronics,International
2023-11-20,920,129,80.85,Electronics,National
2023-11-20,921,24,115.49,Electronics,International
2023-11-21,924,141,35.34,Electronics,National
2023-11-22,925,117,184.46,Food and nutrition,National
2023-11-22,926,63,157.96,Food and nutrition,National
2023-11-23,927,62,40.18,Food and nutrition,International
2023-11-23,928,82,168.82,Food and nutrition,National
2023-11-24,929,56,59.1,Electronics,National
2023-11-25,930,72,58.96,Food and nutrition,International
2023-11-25,931,9,54.95,Food and nutrition,National
2023-11-26,937,21,147.36,Food and nutrition,National
2023-11-26,935,94,48.41,Food and nutrition,National
2023-11-26,936,110,138.44,Electronics,International
2023-11-26,933,68,198.38,Electronics,National
2023-11-26,932,46,150.92,Electronics,National
2023-11-26,934,104,22.25,Electronics,National
2023-11-27,938,119,101.81,Electronics,National
2023-11-27,939,25,166.9,Electronics,National
2023-11-27,940,122,186.99,Electronics,National
2023-11-28,941,128,74.96,Electronics,International
2023-11-28,942,102,151.61,Food and nutrition,International
2023-11-28,943,98,102.94,Electronics,National
2023-11-28,944,32,195.58,Food and nutrition,National
2023-11-29,945,54,189.74,Household items,International
2023-11-29,946,65,62.93,Electronics,National
2023-11-29,947,80,172.53,Household items,International
2023-11-30,949,105,126.79,Electronics,National
2023-11-30,950,70,89.14,Household items,National
2023-11-30,948,94,153.09,Food and nutrition,National
2023-12-01,951,135,184.63,Electronics,National
2023-12-02,952,85,193.24,Electronics,National
2023-12-02,953,14,110.51,Household items,National
2023-12-02,954,122,84.02,Electronics,National
2023-12-03,955,106,179.72,Food and nutrition,National
2023-12-03,956,10,82.94,Food and nutrition,International
2023-12-03,957,58,26.33,Food and nutrition,National
2023-12-04,958,59,115.25,Electronics,International
2023-12-04,959,50,188.6,Household items,National
2023-12-04,960,145,155.41,Food and nutrition,National
2023-12-05,961,106,198.65,Food and nutrition,National
2023-12-05,962,132,72.36,Electronics,International
2023-12-05,963,81,57.57,Electronics,National
2023-12-06,964,25,120.63,Electronics,National
2023-12-07,967,98,118.31,Food and nutrition,National
2023-12-07,966,114,88.91,Electronics,International
2023-12-07,965,38,121.06,Electronics,National
2023-12-08,968,102,117.45,Electronics,National
2023-12-09,969,123,118.58,Food and nutrition,National
2023-12-09,970,6,119.58,Electronics,National
2023-12-09,971,19,124.91,Electronics,National
2023-12-10,972,109,152.96,Electronics,National
2023-12-11,973,8,73.63,Electronics,National
2023-12-11,974,146,104.84,Food and nutrition,International
2023-12-11,975,102,104.34,Electronics,International
2023-12-11,976,112,68.12,Electronics,National
2023-12-11,977,101,112.64,Household items,National
2023-12-11,978,148,117.4,Food and nutrition,National
2023-12-12,982,32,85.35,Food and nutrition,National
2023-12-12,981,92,55.99,Food and nutrition,National
2023-12-12,979,20,35.6,Electronics,National
2023-12-12,980,146,140.95,Electronics,National
2023-12-13,983,54,42.29,Household items,International
2023-12-13,984,138,174.36,Household items,National
2023-12-13,985,125,129.28,Electronics,National
2023-12-13,986,111,85.78,Electronics,National
2023-12-14,994,30,74.05,Electronics,National
2023-12-14,987,53,96.86,Electronics,International
2023-12-14,988,121,22.51,Electronics,National
2023-12-14,989,8,132.36,Food and nutrition,National
2023-12-14,990,128,99.45,Household items,National
2023-12-14,991,60,124.91,Electronics,National
2023-12-14,992,76,64.61,Household items,National
2023-12-14,993,78,183.39,Electronics,National
2023-12-15,996,121,87.5,Electronics,International
2023-12-15,997,51,130.83,Food and nutrition,International
2023-12-15,995,26,188.1,Electronics,National
2023-12-15,998,42,22.07,Electronics,National
2023-12-16,999,95,189.91,Food and nutrition,International
2023-12-16,1000,116,131.91,Electronics,International
