column_target,class,Customer,list_driver_names,list_driver_values,list_barrier_names,list_barrier_values,_base_values
Coverage,Basic,KW56110,"['Vehicle Class', 'Number of Policies', 'Location Code', 'Income', 'Gender', 'Months Since Last Claim', 'Marital Status', 'Months Since Policy Inception', 'Sales Channel', 'State', 'Number of Open Complaints']","[0.6415649963256361, 0.005009228742690675, 0.004744332660979098, 0.0031680129909990424, 0.0008757801299390215, 0.0007165850432779604, 0.00014600094216731725, 4.4995937369483905e-05, 1.5085232566989145e-05, 2.819449974317795e-06, 1.5950814316167267e-06]","['Monthly Premium Auto', 'Customer Lifetime Value', 'Total Claim Amount', 'Vehicle Size', 'EmploymentStatus', 'Education', 'Policy Type']","[-0.18161308523559308, -0.03549610003850238, -0.023930896033467337, -0.0002534484669077159, -8.666068522749149e-05, -3.062519098601113e-05, -2.5353810636493646e-06]",0.5799037102047887
Coverage,Basic,UX92071,"['Vehicle Class', 'Income', 'Location Code', 'Marital Status', 'Months Since Last Claim', 'Sales Channel', 'Education', 'Gender', 'Number of Open Complaints', 'State']","[0.610410942992962, 0.0020091895125097085, 0.0016301317491735454, 0.0007870407113185023, 0.00025607216994263184, 0.00015901456875517736, 0.00012387455990547683, 8.185034474847419e-06, 4.029144936255428e-07, 2.2471653176222203e-07]","['Monthly Premium Auto', 'Customer Lifetime Value', 'Total Claim Amount', 'Number of Policies', 'EmploymentStatus', 'Months Since Policy Inception', 'Vehicle Size', 'Policy Type']","[-0.16766524755749887, -0.012498550494827503, -0.011318279953466409, -0.005698795294740581, -0.00028762971746279395, -0.00015232175751629141, -0.00010823093952397045, -6.037113804603875e-07]",0.5799037102047887
Coverage,Basic,LO84523,"['Vehicle Class', 'Location Code', 'Income', 'Gender', 'Months Since Last Claim', 'Marital Status', 'Education', 'Months Since Policy Inception', 'State', 'Sales Channel', 'Number of Open Complaints']","[0.6742821012618645, 0.0011400160743119138, 0.000630817922946132, 0.0006101652409855515, 0.0003030192159094285, 0.00015579230907445361, 7.678115170880381e-05, 5.9718586640574355e-05, 3.235690469114103e-05, 9.758072105199751e-06, 1.322331930770267e-06]","['Monthly Premium Auto', 'Customer Lifetime Value', 'Total Claim Amount', 'Number of Policies', 'EmploymentStatus', 'Vehicle Size', 'Policy Type']","[-0.2036866447243911, -0.02058496379190455, -0.020556806414008266, -0.017028756774493062, -0.0002205223925851085, -0.00018523681096047073, -1.4046759049928432e-06]",0.5799037102047887
Coverage,Basic,YC54142,"['Vehicle Class', 'Number of Policies', 'Location Code', 'Months Since Last Claim', 'Income', 'Gender', 'Education', 'Marital Status', 'Sales Channel', 'Number of Open Complaints', 'State']","[0.04619290195578863, 0.0004101480186833697, 8.765488141297437e-05, 4.851903626880644e-05, 3.7052177047852965e-05, 9.171339021236537e-06, 4.199409178947055e-06, 2.1450146983862893e-06, 1.7135584298422907e-06, 5.534829053095343e-07, 3.700194885492003e-07]","['Monthly Premium Auto', 'Customer Lifetime Value', 'Total Claim Amount', 'EmploymentStatus', 'Months Since Policy Inception', 'Policy Type', 'Vehicle Size']","[-0.6249468611483218, -0.0007831173490213199, -0.000688840526674163, -1.722393826051677e-05, -6.4653279370263095e-06, -2.2998646867093895e-06, -5.19529478640672e-07]",0.5799037102047887
Coverage,Basic,GP99578,"['Vehicle Class', 'Location Code', 'Income', 'Months Since Last Claim', 'Marital Status', 'Sales Channel', 'Months Since Policy Inception', 'Education', 'Number of Open Complaints']","[0.7462512042655092, 0.0032695626613217363, 0.002060545079369376, 0.0005135146419968269, 0.00044729154426391876, 0.00029558729422266645, 0.0002278970632451424, 0.00016199290086374324, 4.3729402160579595e-07]","['Monthly Premium Auto', 'Total Claim Amount', 'Customer Lifetime Value', 'Number of Policies', 'Vehicle Size', 'EmploymentStatus', 'Gender', 'State', 'Policy Type']","[-0.2825739920189234, -0.029993822263235142, -0.015252152587795755, -0.0099018583172048, -0.00024159981525439267, -0.0001758667643249473, -1.0129426440685929e-05, -8.837214438292898e-06, -8.069456197239144e-07]",0.5799037102047887
Coverage,Basic,AZ84403,"['Vehicle Class', 'Number of Policies', 'Location Code', 'Income', 'Sales Channel', 'Education', 'Months Since Last Claim', 'Number of Open Complaints', 'State', 'Policy Type']","[0.045739375890521974, 0.0005704783774958003, 0.0002499093749110494, 0.0002071929874837464, 5.7722570532796165e-05, 7.963054585713716e-06, 3.326056035260079e-06, 9.121050313727571e-07, 8.71321338413722e-08, 4.7438160916110286e-08]","['Monthly Premium Auto', 'Total Claim Amount', 'Customer Lifetime Value', 'EmploymentStatus', 'Marital Status', 'Months Since Policy Inception', 'Vehicle Size', 'Gender']","[-0.6238220963228372, -0.0014188960584372674, -0.0011398194835698233, -2.1932863811607973e-05, -1.3873955127120196e-05, -1.3525775465161047e-05, -1.1617233922422754e-05, -5.214876580835808e-06]",0.5799037102047887
Coverage,Basic,JT47995,"['Vehicle Class', 'Income', 'Number of Policies', 'Location Code', 'Months Since Last Claim', 'Sales Channel', 'Education', 'Number of Open Complaints', 'Vehicle Size', 'State']","[0.04565512944252186, 0.0002457612823399421, 0.00021091069743240105, 0.00016792238637273996, 4.291188799805541e-05, 4.097600243506816e-05, 9.84264851372731e-06, 3.957931996246101e-06, 2.1357748974084662e-06, 3.104795403149525e-08]","['Monthly Premium Auto', 'Total Claim Amount', 'Customer Lifetime Value', 'EmploymentStatus', 'Marital Status', 'Gender', 'Months Since Policy Inception', 'Policy Type']","[-0.624508575482766, -0.0007210367044181042, -0.000676936802027387, -2.6232581107914015e-05, -1.4210088282703641e-05, -7.520031570413875e-06, -6.800815091423172e-06, -7.542298296172538e-07]",0.5799037102047887
Coverage,Basic,HB29169,"['Vehicle Class', 'Number of Policies', 'Income', 'Location Code', 'Months Since Last Claim', 'Sales Channel', 'State']","[0.04728229622446957, 0.0008343490994810742, 0.0003983451323275858, 0.00025397984682302695, 0.00013733049149256793, 7.956342576017183e-05, 2.544338355305603e-06]","['Monthly Premium Auto', 'Customer Lifetime Value', 'Total Claim Amount', 'Marital Status', 'Months Since Policy Inception', 'Vehicle Size', 'Education', 'EmploymentStatus', 'Gender', 'Number of Open Complaints', 'Policy Type']","[-0.6221869047539482, -0.0029036822385813993, -0.0022429487474451785, -0.00021426172425559372, -0.0001904404173396746, -3.603440657878135e-05, -2.1548902106698052e-05, -1.55792020361686e-05, -6.185708694612007e-06, -6.089823334872558e-06, -1.848042157052751e-06]",0.5799037102047887
Coverage,Basic,SS13550,"['Vehicle Class', 'Income', 'Location Code', 'Sales Channel', 'Marital Status', 'Months Since Last Claim', 'Education', 'Months Since Policy Inception', 'Vehicle Size', 'Gender', 'Number of Open Complaints']","[0.5621082635394495, 0.00230727513658545, 0.0022459424670826147, 0.0005226606807299323, 0.00051964620239594, 0.0004722396747727121, 0.00025063803373608605, 0.00024237550972679273, 0.0001086114592189757, 7.988267488387203e-05, 7.630569804926412e-07]","['Monthly Premium Auto', 'Number of Policies', 'Total Claim Amount', 'Customer Lifetime Value', 'EmploymentStatus', 'State', 'Policy Type']","[-0.12290180060398385, -0.011878488600212005, -0.01085917410704662, -0.007554800155653303, -0.00017166032985031573, -1.083792530110362e-05, -1.877924245220532e-06]",0.5799037102047887
Coverage,Basic,VN73653,"['Vehicle Class', 'Location Code', 'Income', 'Months Since Policy Inception', 'Marital Status', 'Months Since Last Claim', 'Education', 'State', 'Gender', 'Policy Type', 'Number of Open Complaints']","[0.609687980625717, 0.0015146200065020241, 0.0010038093626126246, 0.0004395741572238079, 0.00029500128756487315, 0.00020805393665279553, 8.159810689609137e-05, 2.069474780438431e-05, 7.094695728920968e-06, 2.6111161270282964e-06, 5.160102626670474e-07]","['Monthly Premium Auto', 'Total Claim Amount', 'Number of Policies', 'Customer Lifetime Value', 'Sales Channel', 'EmploymentStatus', 'Vehicle Size']","[-0.1658705151132511, -0.011985961010842263, -0.010665569988093856, -0.009927287480667792, -0.0004375105560087261, -0.00017993165729597753, -0.00015660912667620971]",0.5799037102047887
Coverage,Basic,IT92328,"['Vehicle Class', 'Income', 'Location Code', 'Months Since Last Claim', 'Marital Status', 'Education', 'Gender', 'Policy Type']","[0.0542517290269528, 0.0003788308027528134, 0.0003255867692304327, 0.0001362293845150269, 7.393796230683846e-05, 1.6852603539958865e-05, 1.116488732052925e-05, 1.944794390996992e-06]","['Monthly Premium Auto', 'Customer Lifetime Value', 'Total Claim Amount', 'Number of Policies', 'Sales Channel', 'State', 'EmploymentStatus', 'Months Since Policy Inception', 'Vehicle Size', 'Number of Open Complaints']","[-0.6240520242869768, -0.005268830675761125, -0.0021415231472645055, -0.002112040637603563, -0.0006586503050834314, -8.651486858732294e-05, -4.259689151297946e-05, -2.312797196521579e-05, -1.570735536611917e-05, -2.9371600609086757e-06]",0.5799037102047887
Coverage,Basic,LX33054,"['Vehicle Class', 'Location Code', 'Income', 'Gender', 'Marital Status', 'State', 'Education', 'Sales Channel', 'Number of Open Complaints']","[0.7359679618767199, 0.002094976519372825, 0.0017124418418887975, 0.00047663069831052125, 0.00019961742950411112, 3.570119644186968e-05, 3.5598371865825425e-05, 1.788938672446317e-05, 1.954975090719587e-06]","['Monthly Premium Auto', 'Customer Lifetime Value', 'Number of Policies', 'Total Claim Amount', 'Months Since Last Claim', 'Vehicle Size', 'EmploymentStatus', 'Months Since Policy Inception', 'Policy Type']","[-0.2691261867496341, -0.02276785390064316, -0.01856523118563343, -0.014716325204866591, -0.0004896749298475903, -0.00020722194846260322, -0.00018518624742293842, -7.658259239231903e-05, -4.359454318787817e-07]",0.5799037102047887
Coverage,Basic,ZD75163,"['Vehicle Class', 'Location Code', 'Income', 'Gender', 'Marital Status', 'Education', 'Policy Type', 'Number of Open Complaints']","[0.046933843483968375, 0.00026195947168297217, 0.0001715396313822273, 1.9828058325935377e-05, 1.2412075515532245e-05, 1.120341967566579e-05, 1.2413287992026088e-06, 1.679387973467859e-07]","['Monthly Premium Auto', 'Customer Lifetime Value', 'Total Claim Amount', 'Number of Policies', 'Months Since Last Claim', 'Months Since Policy Inception', 'Vehicle Size', 'EmploymentStatus', 'State', 'Sales Channel']","[-0.6126920190613293, -0.010510448482710594, -0.002015402750840124, -0.0010943930239647205, -0.00023449399176218277, -1.1697054842878152e-05, -7.509207010779578e-06, -3.5690965856411993e-06, -9.95490588153579e-07, -2.8158843451538583e-07]",0.5799037102047887
Coverage,Basic,MJ25422,"['Vehicle Class', 'Number of Policies', 'Location Code', 'Income', 'Sales Channel', 'Months Since Last Claim', 'Education', 'Number of Open Complaints', 'State']","[0.6505087850998861, 0.004691844277564051, 0.004114189067909658, 0.0021743638778894112, 0.0010405332016895732, 9.731062500686141e-05, 4.851697603982033e-05, 4.990113840983949e-06, 1.7792679468386918e-06]","['Monthly Premium Auto', 'Customer Lifetime Value', 'Total Claim Amount', 'Months Since Policy Inception', 'Marital Status', 'Vehicle Size', 'EmploymentStatus', 'Gender', 'Policy Type']","[-0.19831985628290863, -0.032434134875402594, -0.01549305494791989, -0.0013990994361773896, -0.000360051684491311, -0.0002624278971412013, -0.00017083953183726883, -6.407858934063861e-06, -2.270750455322703e-06]",0.5799037102047887
Coverage,Basic,FM30352,"['Vehicle Class', 'Income', 'Location Code', 'Marital Status', 'Education', 'State', 'Number of Open Complaints']","[0.054850380744499126, 0.000515363326416184, 0.00036507902694435943, 4.6983509986968096e-05, 4.25799154779627e-06, 4.249215118408973e-06, 9.480740208769027e-07]","['Monthly Premium Auto', 'Total Claim Amount', 'Customer Lifetime Value', 'Number of Policies', 'Months Since Last Claim', 'Gender', 'Vehicle Size', 'Months Since Policy Inception', 'Sales Channel', 'EmploymentStatus', 'Policy Type']","[-0.6224298311166226, -0.007350300526573954, -0.003678259141508383, -0.0012634552924452945, -0.00010693597593332785, -8.317330396153029e-05, -3.114000363487041e-05, -3.03573450000929e-05, -4.622084273188361e-06, -3.918582229210582e-06, -6.289984718769866e-08]",0.5799037102047887
Coverage,Basic,HR64765,"['Vehicle Class', 'Income', 'Customer Lifetime Value', 'Location Code', 'Months Since Last Claim', 'Marital Status', 'Gender', 'Education', 'State', 'Number of Open Complaints']","[0.046315594543598126, 0.0003855344121943248, 0.00013173417573054602, 7.488119497773607e-05, 1.0755205511798452e-05, 8.023756547356752e-06, 7.922290608983084e-06, 6.220071072445991e-06, 6.09999083343428e-06, 2.1265647406503495e-06]","['Monthly Premium Auto', 'Total Claim Amount', 'Number of Policies', 'Months Since Policy Inception', 'EmploymentStatus', 'Vehicle Size', 'Policy Type', 'Sales Channel']","[-0.6240690590022097, -0.0014653928847038298, -0.0009292957967831534, -7.976430617914397e-05, -3.83450760980305e-05, -6.259639990462673e-06, -9.327900797670876e-07, -2.8703543762009554e-08]",0.5799037102047887
Coverage,Basic,MS41043,"['Vehicle Class', 'Location Code', 'Income', 'Months Since Last Claim', 'Sales Channel', 'Education', 'State', 'Number of Open Complaints']","[0.638412210126218, 0.0037147601309893987, 0.002126803015369938, 0.0003860128312624019, 0.00020482769088604513, 0.00013640564376608184, 4.100481309848396e-06, 5.236402426239221e-07]","['Monthly Premium Auto', 'Total Claim Amount', 'Customer Lifetime Value', 'Number of Policies', 'EmploymentStatus', 'Vehicle Size', 'Marital Status', 'Months Since Policy Inception', 'Gender', 'Policy Type']","[-0.20593547699437167, -0.011749429821170007, -0.008227157289992277, -0.002224440348581707, -0.001345879858957565, -0.0001978755254070363, -6.682053065494517e-05, -4.1978145162074876e-05, -4.29220881871586e-06, -2.833521173848987e-06]",0.5799037102047887
Coverage,Basic,JN66901,"['Vehicle Class', 'Location Code', 'Income', 'Marital Status', 'Sales Channel', 'Education', 'Gender', 'Policy Type', 'Number of Open Complaints']","[0.653505537283405, 0.0011173946177698332, 0.000923281383833823, 0.0005894795334136216, 0.0004769662898841491, 1.8829934711354333e-05, 1.3823077024328658e-05, 6.969686873222261e-06, 2.7794427329737533e-06]","['Monthly Premium Auto', 'Total Claim Amount', 'Customer Lifetime Value', 'Number of Policies', 'Months Since Policy Inception', 'Months Since Last Claim', 'EmploymentStatus', 'Vehicle Size', 'State']","[-0.21439182748843408, -0.012730417462965146, -0.009200287802732259, -0.0049527229829484255, -0.0007395801618722766, -0.0005450794019408017, -0.00014310572527375352, -9.431373291642672e-05, -1.0357153057831645e-05]",0.5799037102047887
Coverage,Basic,DH34004,"['Vehicle Class', 'Location Code', 'Income', 'Months Since Last Claim', 'Gender', 'Education', 'Sales Channel', 'State']","[0.6915732009867306, 0.002022477082058977, 0.0019719500814624567, 0.00045314938554139153, 0.0001389660102749518, 5.389446593536516e-05, 1.7112433862006697e-05, 1.4766629194632345e-05]","['Monthly Premium Auto', 'Total Claim Amount', 'Number of Policies', 'Customer Lifetime Value', 'EmploymentStatus', 'Months Since Policy Inception', 'Vehicle Size', 'Marital Status', 'Number of Open Complaints', 'Policy Type']","[-0.23411451341335174, -0.01862139069089609, -0.017840317223682702, -0.011289607657202173, -0.0002433964135636108, -8.579246987624031e-05, -8.373336761650513e-05, -2.9209227545355335e-05, -2.0339888952356827e-05, -2.5750999885566727e-06]",0.5799037102047887
Coverage,Basic,RN12107,"['Vehicle Class', 'Location Code', 'Income', 'Marital Status', 'Education', 'State', 'Policy Type', 'Number of Open Complaints']","[0.052614906439620496, 0.0008069584029828849, 0.00022042883966288203, 8.84532835955819e-05, 5.130866716814949e-06, 9.117208611785345e-07, 7.123555996539239e-07, 2.4746120686812873e-07]","['Monthly Premium Auto', 'Customer Lifetime Value', 'Total Claim Amount', 'Number of Policies', 'Months Since Last Claim', 'Gender', 'Vehicle Size', 'EmploymentStatus', 'Months Since Policy Inception', 'Sales Channel']","[-0.6173181773895137, -0.006926259935554169, -0.004967735828013011, -0.003410756468762169, -9.846976267820905e-05, -7.7620348015647e-05, -6.363117050078263e-05, -2.0366408006881178e-05, -2.7514335714495775e-06, -4.757578104102293e-07]",0.5799037102047887
Coverage,Extended,KW56110,"['Customer Lifetime Value', 'Income', 'EmploymentStatus', 'Marital Status', 'Months Since Last Claim', 'Policy Type', 'Months Since Policy Inception', 'State']","[0.00039305849548161744, 6.410973280621648e-05, 2.274785595857583e-05, 1.4636691678464169e-05, 3.8062703122333823e-06, 3.3110975187963605e-06, 2.8317943817339456e-06, 4.960292070283511e-08]","['Monthly Premium Auto', 'Vehicle Class', 'Total Claim Amount', 'Number of Policies', 'Location Code', 'Sales Channel', 'Vehicle Size', 'Number of Open Complaints', 'Education', 'Gender']","[-0.32855262615804054, -0.0012550726380174, -0.00021791259077080425, -0.000131569567221984, -3.431920200087985e-05, -1.1860424996979226e-05, -3.2074679164069585e-06, -2.422586060046492e-06, -2.8116771804859365e-07, -8.547728703348718e-08]",0.3299674595900727
Coverage,Extended,UX92071,"['Customer Lifetime Value', 'Number of Policies', 'Income', 'Total Claim Amount', 'EmploymentStatus', 'Policy Type', 'State']","[8.90836703901667e-05, 4.374265275584107e-05, 4.072708111076739e-05, 4.0111368463464386e-05, 2.327653242206278e-05, 1.718607069324867e-06, 1.343528842345787e-08]","['Monthly Premium Auto', 'Vehicle Class', 'Sales Channel', 'Months Since Last Claim', 'Gender', 'Marital Status', 'Months Since Policy Inception', 'Location Code', 'Vehicle Size', 'Number of Open Complaints', 'Education']","[-0.32810462998901285, -0.0015059481720274667, -4.2905847411408545e-05, -2.044890603378206e-05, -1.2723079235819401e-05, -6.264792522348028e-06, -5.667047130110093e-06, -5.3972893648886535e-06, -5.045747470490784e-06, -1.458796095381275e-06, -5.841507941522909e-07]",0.3299674595900727
Coverage,Extended,LO84523,"['Customer Lifetime Value', 'Income', 'Marital Status', 'EmploymentStatus', 'Policy Type', 'State']","[0.00017806195691588188, 4.481327490089046e-05, 2.1193862067495444e-05, 2.0850564814714864e-05, 1.5401817919061554e-06, 6.458312120698864e-07]","['Monthly Premium Auto', 'Vehicle Class', 'Number of Policies', 'Total Claim Amount', 'Location Code', 'Sales Channel', 'Months Since Policy Inception', 'Number of Open Complaints', 'Gender', 'Months Since Last Claim', 'Vehicle Size', 'Education']","[-0.3284596431142407, -0.0012424104836815772, -0.0001481635084725661, -7.043296688453803e-05, -1.2292397473401787e-05, -1.213829766702194e-05, -6.208839269739239e-06, -4.718901589471633e-06, -4.137358995531511e-06, -4.12687897558258e-06, -2.34914130960086e-06, -1.120775643725631e-06]",0.3299674595900727
Coverage,Extended,YC54142,"['Monthly Premium Auto', 'Vehicle Class', 'Number of Policies', 'Location Code', 'Income', 'Months Since Last Claim', 'Marital Status', 'EmploymentStatus', 'Education', 'Policy Type', 'State']","[0.5257055537272307, 0.2166396462631896, 0.005131475114525011, 0.004114086334681558, 0.002506914305966857, 0.0015980294376748232, 0.001374693854806916, 0.0009559624145592666, 0.0001997383058322579, 8.388027440661694e-05, 1.1000531638383215e-08]","['Customer Lifetime Value', 'Total Claim Amount', 'Gender', 'Vehicle Size', 'Sales Channel', 'Months Since Policy Inception', 'Number of Open Complaints']","[-0.04717599444292475, -0.040758287048431666, -0.0003795088658293024, -0.0002506518155085356, -0.00014940530485304618, -7.82572511099829e-05, -5.223321556558728e-05]",0.3299674595900727
Coverage,Extended,GP99578,"['Number of Policies', 'EmploymentStatus', 'Gender', 'Months Since Last Claim', 'Months Since Policy Inception', 'Income', 'Policy Type']","[5.6450034901660646e-05, 2.5605827320807632e-05, 6.175702279341619e-06, 5.484946369476282e-06, 4.997237414035685e-06, 4.343610318312937e-06, 9.41105349253074e-07]","['Monthly Premium Auto', 'Vehicle Class', 'Total Claim Amount', 'Customer Lifetime Value', 'Sales Channel', 'Marital Status', 'Location Code', 'Vehicle Size', 'Education', 'Number of Open Complaints', 'State']","[-0.3282927011224122, -0.0010397864545444954, -0.00029576416641451564, -5.0475107901988736e-05, -2.3425543829987757e-05, -1.2909211323224732e-05, -9.110651742424839e-06, -3.485607323915196e-06, -2.6524697862075446e-06, -1.411381032167799e-06, -3.881826577205656e-07]",0.3299674595900727
Coverage,Extended,AZ84403,"['Monthly Premium Auto', 'Vehicle Class', 'Income', 'Location Code', 'Number of Policies', 'EmploymentStatus', 'Gender', 'Months Since Policy Inception', 'Months Since Last Claim', 'Policy Type', 'State']","[0.5464653029589872, 0.14576806454506616, 0.0026537316279793923, 0.0023494410705198246, 0.0018295587223236913, 0.0006475731809986127, 0.00014193902331223474, 0.00010844595170153108, 0.00010247637835172445, 9.240789666982441e-05, 4.446099900283033e-09]","['Total Claim Amount', 'Customer Lifetime Value', 'Vehicle Size', 'Sales Channel', 'Number of Open Complaints', 'Marital Status', 'Education']","[-0.017030700394277773, -0.013402907121908184, -9.509976613405098e-05, -5.7858998970858347e-05, -5.044623383326322e-05, -2.831494778762304e-05, -1.2591051587994747e-05]",0.3299674595900727
Coverage,Extended,JT47995,"['Monthly Premium Auto', 'Vehicle Class', 'Location Code', 'Income', 'Number of Policies', 'EmploymentStatus', 'Gender', 'Vehicle Size', 'Policy Type', 'State']","[0.5794864295487067, 0.09095597234429716, 0.001554126801578205, 0.001188291660957001, 0.0010929623174910502, 0.0005228677003218755, 0.000200924463557244, 0.00016129439867590412, 8.640859546471998e-05, 1.9199963952049964e-05]","['Customer Lifetime Value', 'Total Claim Amount', 'Sales Channel', 'Months Since Last Claim', 'Marital Status', 'Number of Open Complaints', 'Months Since Policy Inception', 'Education']","[-0.002920333899310281, -0.0015384535600463055, -0.00045865824604247873, -0.0004031648679561674, -0.00030120321840184744, -3.3222193179791026e-05, -2.7055393348930184e-05, -2.1048496875129366e-06]",0.3299674595900727
Coverage,Extended,HB29169,"['Customer Lifetime Value', 'Total Claim Amount', 'EmploymentStatus', 'Marital Status', 'Number of Open Complaints', 'Months Since Last Claim', 'Gender', 'Policy Type', 'State']","[0.00041247282138459114, 3.1313984854064766e-05, 2.4782991493414617e-05, 1.8622990853818183e-05, 9.244676096565372e-06, 8.413771770670384e-06, 6.801984076923371e-06, 1.8355121833560127e-06, 1.3368633575721855e-08]","['Monthly Premium Auto', 'Vehicle Class', 'Location Code', 'Sales Channel', 'Number of Policies', 'Months Since Policy Inception', 'Income', 'Vehicle Size', 'Education']","[-0.3288760671409192, -0.0013007933181503673, -4.963718590651624e-05, -1.741960636728881e-05, -1.4944169420566292e-05, -6.6772243425454365e-06, -5.71566848643028e-06, -2.8836611842914753e-06, -2.437879641595689e-06]",0.3299674595900727
Coverage,Extended,SS13550,"['Number of Policies', 'Customer Lifetime Value', 'EmploymentStatus', 'Months Since Policy Inception', 'Months Since Last Claim', 'Policy Type', 'Vehicle Size', 'Location Code']","[0.00022080513397760996, 0.00013131778318762886, 2.5785048526560352e-05, 8.017128136120143e-06, 3.6692339895958046e-06, 3.407451909512913e-06, 2.7027885204729278e-06, 2.5247305806786226e-06]","['Monthly Premium Auto', 'Vehicle Class', 'Marital Status', 'Income', 'Total Claim Amount', 'Sales Channel', 'Gender', 'Number of Open Complaints', 'Education', 'State']","[-0.32815813431922697, -0.0018033268807511236, -2.3816876361733338e-05, -2.0294697309762343e-05, -1.7230969821285856e-05, -1.1708789988777613e-05, -4.125602693960043e-06, -1.200925827095723e-06, -5.933644751409842e-07, -2.891325859421192e-07]",0.3299674595900727
Coverage,Extended,VN73653,"['Customer Lifetime Value', 'Sales Channel', 'EmploymentStatus', 'Income', 'Months Since Policy Inception', 'State']","[0.00020796063889366603, 8.029352941284916e-05, 2.900439632750371e-05, 1.805331334880598e-05, 1.4890461090010164e-05, 9.467083909179383e-07]","['Monthly Premium Auto', 'Vehicle Class', 'Total Claim Amount', 'Number of Policies', 'Months Since Last Claim', 'Policy Type', 'Gender', 'Location Code', 'Vehicle Size', 'Number of Open Complaints', 'Education', 'Marital Status']","[-0.32845932861079224, -0.001173392249599626, -0.0001925468763518416, -4.0526789664169704e-05, -2.3067301822043654e-05, -6.796843818897675e-06, -5.768450333973041e-06, -5.073299883282114e-06, -4.7225030118635485e-06, -1.3744411283200156e-06, -1.0977120905153127e-06, -4.202617455391844e-07]",0.3299674595900727
Coverage,Extended,IT92328,"['Sales Channel', 'EmploymentStatus', 'Customer Lifetime Value', 'Months Since Last Claim', 'Location Code', 'Number of Policies', 'Number of Open Complaints', 'Months Since Policy Inception']","[7.204177665784417e-05, 5.919585384247515e-05, 2.5919376997507126e-05, 7.64888584734758e-06, 4.78112414309044e-06, 4.3842130677534065e-06, 2.9659399912016525e-06, 1.6461729307828538e-06]","['Monthly Premium Auto', 'Vehicle Class', 'Total Claim Amount', 'Income', 'Policy Type', 'Marital Status', 'Vehicle Size', 'Education', 'State', 'Gender']","[-0.32887862066814344, -0.000907218972395012, -0.00015497380585101977, -1.5894734777608096e-05, -4.719453813485237e-06, -3.396091403019644e-06, -1.9740455649018175e-06, -1.8942733156307978e-06, -1.03561503633313e-06, -7.217311005673957e-07]",0.3299674595900727
Coverage,Extended,LX33054,"['Customer Lifetime Value', 'Income', 'Marital Status', 'Location Code', 'EmploymentStatus', 'Number of Policies', 'Policy Type', 'State', 'Gender']","[5.6881139669305845e-05, 4.885403170175451e-05, 2.0285052767312692e-05, 1.9645868005342278e-05, 1.6904039819509553e-05, 7.651615528905628e-06, 9.174209131791984e-07, 5.099007650799256e-07, 1.756930842537618e-07]","['Monthly Premium Auto', 'Vehicle Class', 'Total Claim Amount', 'Sales Channel', 'Months Since Last Claim', 'Months Since Policy Inception', 'Number of Open Complaints', 'Vehicle Size', 'Education']","[-0.3283646895763302, -0.0012510624040507376, -0.00019820117026096143, -2.9096255924117003e-05, -1.3713726208600271e-05, -1.051884531854593e-05, -5.58712302709615e-06, -4.039089010804895e-06, -3.64020979260331e-07]",0.3299674595900727
Coverage,Extended,ZD75163,"['Income', 'EmploymentStatus', 'Marital Status', 'Number of Policies', 'Gender']","[3.6725095940925416e-05, 3.297059526032856e-05, 7.3767894994393394e-06, 4.52128259564928e-06, 1.8991964095235675e-06]","['Monthly Premium Auto', 'Vehicle Class', 'Customer Lifetime Value', 'Total Claim Amount', 'Location Code', 'Months Since Last Claim', 'Policy Type', 'Months Since Policy Inception', 'State', 'Vehicle Size', 'Education', 'Number of Open Complaints', 'Sales Channel']","[-0.328021666796604, -0.0011366472094687047, -0.0002901213890160231, -0.00024623445478966953, -1.873532060884436e-05, -7.021062664078434e-06, -3.9649700720037515e-06, -3.2066600191650508e-06, -3.1123770464059537e-06, -1.2097325212349622e-06, -7.956447987197572e-07, -7.563794905522076e-07, -3.920088453605646e-07]",0.3299674595900727
Coverage,Extended,MJ25422,"['Total Claim Amount', 'Income', 'EmploymentStatus', 'Marital Status', 'Gender', 'Policy Type', 'State']","[8.565802768570373e-05, 3.822865048103147e-05, 2.6414290926232782e-05, 2.3641655173205052e-05, 7.6240585257391665e-06, 4.219315242740893e-06, 1.3822239704660197e-08]","['Monthly Premium Auto', 'Vehicle Class', 'Number of Policies', 'Sales Channel', 'Months Since Policy Inception', 'Customer Lifetime Value', 'Location Code', 'Number of Open Complaints', 'Months Since Last Claim', 'Vehicle Size', 'Education']","[-0.3281409301067724, -0.0011222396292393801, -5.4218485846164144e-05, -3.42514550606929e-05, -2.9993710010979554e-05, -2.2427593861843264e-05, -1.3666730966613697e-05, -6.255177608161326e-06, -4.3228698781776e-06, -4.276852145377723e-06, -2.5310425943487274e-06]",0.3299674595900727
Coverage,Extended,FM30352,"['Income', 'EmploymentStatus', 'Marital Status', 'Location Code', 'Sales Channel', 'Policy Type', 'State']","[0.00014568260918406268, 2.6171742522597377e-05, 1.0812067509362386e-05, 9.58174616349341e-06, 9.049968017910687e-06, 2.7944475498632615e-07, 7.583273117216554e-08]","['Monthly Premium Auto', 'Vehicle Class', 'Total Claim Amount', 'Customer Lifetime Value', 'Number of Policies', 'Months Since Last Claim', 'Months Since Policy Inception', 'Number of Open Complaints', 'Gender', 'Vehicle Size', 'Education']","[-0.32896113221050105, -0.0004558931469162721, -0.00021524712082196008, -0.00021445345442598163, -4.557459593419232e-05, -8.104636770771248e-06, -5.52618227075175e-06, -4.700325094465506e-06, -3.6823293297165575e-06, -3.100368244986703e-06, -9.423605840000405e-07]",0.3299674595900727
Coverage,Extended,HR64765,"['Monthly Premium Auto', 'Vehicle Class', 'Location Code', 'Income', 'EmploymentStatus', 'Marital Status', 'Vehicle Size', 'Months Since Last Claim', 'Sales Channel', 'State', 'Policy Type', 'Education']","[0.5462217048110389, 0.19948329200911863, 0.004378279924156328, 0.0023799333380387505, 0.0016937953659136675, 0.0004946175457993297, 0.00048715086217676157, 0.00048283316808403015, 3.922428017654837e-05, 3.5647417491832534e-05, 2.275903519298461e-05, 5.128762069234183e-06]","['Customer Lifetime Value', 'Total Claim Amount', 'Number of Policies', 'Months Since Policy Inception', 'Gender', 'Number of Open Complaints']","[-0.053703060833317884, -0.022206677085679142, -0.00908548319265332, -0.0014656843919065021, -8.867916447747222e-05, -2.5533822857776167e-05]",0.3299674595900727
Coverage,Extended,MS41043,"['Number of Policies', 'Location Code', 'EmploymentStatus', 'Months Since Last Claim', 'Months Since Policy Inception', 'Income', 'Gender', 'Policy Type', 'Marital Status', 'State']","[0.00016473839848389954, 2.6403715527036667e-05, 8.140444814459905e-06, 7.743152491868412e-06, 5.357453496545782e-06, 5.344521903165062e-06, 4.899061570684956e-06, 4.425615720753371e-06, 1.711852674932867e-06, 1.3484843354533006e-07]","['Monthly Premium Auto', 'Vehicle Class', 'Total Claim Amount', 'Customer Lifetime Value', 'Sales Channel', 'Vehicle Size', 'Education', 'Number of Open Complaints']","[-0.32797936663980876, -0.0016178890715640142, -6.839404473439393e-05, -3.8680035489584316e-05, -3.765167899039433e-05, -4.568891296019159e-06, -2.001372598940666e-06, -7.465771374591301e-07]",0.3299674595900727
Coverage,Extended,JN66901,"['Customer Lifetime Value', 'Number of Policies', 'EmploymentStatus']","[0.00015687545196627553, 0.0001048540439478965, 1.82947982744874e-05]","['Monthly Premium Auto', 'Vehicle Class', 'Total Claim Amount', 'Marital Status', 'Income', 'Sales Channel', 'Location Code', 'Months Since Policy Inception', 'Policy Type', 'Gender', 'Number of Open Complaints', 'Vehicle Size', 'Education', 'Months Since Last Claim', 'State']","[-0.32804598500343535, -0.0016516462124672086, -8.319885234153853e-05, -5.3928904765980746e-05, -3.5145956100410455e-05, -2.3994893077305035e-05, -1.1405609335469482e-05, -1.0874970836665074e-05, -8.150460786300932e-06, -5.394001405952743e-06, -3.381465708212896e-06, -2.810258891260872e-06, -2.5721979352875287e-06, -1.0161636312002752e-06, -2.180890214226382e-07]",0.3299674595900727
Coverage,Extended,DH34004,"['Customer Lifetime Value', 'Income', 'Number of Open Complaints', 'EmploymentStatus', 'Months Since Last Claim', 'Policy Type', 'State']","[0.00017429035524488813, 8.393449165256503e-05, 3.240056527805809e-05, 2.4773830458882436e-05, 1.0570075024172757e-05, 4.232162361240781e-06, 8.114847904482666e-07]","['Monthly Premium Auto', 'Vehicle Class', 'Number of Policies', 'Total Claim Amount', 'Marital Status', 'Sales Channel', 'Location Code', 'Months Since Policy Inception', 'Gender', 'Education', 'Vehicle Size']","[-0.3283368015230724, -0.0007903446678347607, -0.0001784352969885231, -0.0001679590357442775, -2.837521413036945e-05, -2.053944323537093e-05, -1.5513498517361447e-05, -8.305897984151308e-06, -7.1145379140103045e-06, -5.232905083867619e-06, -2.246559224088912e-06]",0.3299674595900727
Coverage,Extended,RN12107,"['EmploymentStatus', 'Income', 'Location Code', 'Marital Status', 'Sales Channel', 'State']","[6.343942627204063e-05, 4.70273744246897e-05, 3.232934491384756e-05, 2.0739522734742346e-05, 7.921988090254233e-07, 1.825303844460085e-07]","['Monthly Premium Auto', 'Total Claim Amount', 'Vehicle Class', 'Number of Policies', 'Customer Lifetime Value', 'Policy Type', 'Months Since Last Claim', 'Gender', 'Vehicle Size', 'Number of Open Complaints', 'Education', 'Months Since Policy Inception']","[-0.3287023052486031, -0.00037803366046156245, -0.0003315495414182515, -0.00019375645625289615, -0.00018320708277375715, -6.140237668234009e-06, -5.0569654062083135e-06, -4.646520154610065e-06, -4.37328867309605e-06, -2.7832809028594077e-06, -1.1887261270507614e-06, -6.446170940432169e-07]",0.3299674595900727
Coverage,Premium,KW56110,"['Monthly Premium Auto', 'Customer Lifetime Value', 'Total Claim Amount', 'Vehicle Size', 'EmploymentStatus', 'Education', 'Number of Open Complaints']","[0.5101657113936338, 0.03510304154302099, 0.024148808624238256, 0.00025665593482410067, 6.391282926901044e-05, 3.090635870410049e-05, 8.275046284520277e-07]","['Vehicle Class', 'Number of Policies', 'Location Code', 'Income', 'Gender', 'Months Since Last Claim', 'Marital Status', 'Months Since Policy Inception', 'Sales Channel', 'State', 'Policy Type']","[-0.6403099236876187, -0.004877659175468461, -0.004710013458978161, -0.0032321227238053334, -0.000875694652651878, -0.0007203913135900916, -0.00016063763384566477, -4.782773175112636e-05, -3.2248075699857704e-06, -2.8690528950017717e-06, -7.757164551610614e-07]",0.0901288302051387
Coverage,Premium,UX92071,"['Monthly Premium Auto', 'Customer Lifetime Value', 'Total Claim Amount', 'Number of Policies', 'EmploymentStatus', 'Months Since Policy Inception', 'Vehicle Size', 'Gender', 'Number of Open Complaints']","[0.4957698775465116, 0.012409466824437082, 0.011278168585002607, 0.005655052641984771, 0.0002643531850406054, 0.0001579888046462648, 0.00011327668699445812, 4.5380447610035004e-06, 1.0558816017617585e-06]","['Vehicle Class', 'Income', 'Location Code', 'Marital Status', 'Months Since Last Claim', 'Education', 'Sales Channel', 'Policy Type', 'State']","[-0.6089049948209344, -0.0020499165936206723, -0.0016247344598086988, -0.0007807759187961067, -0.00023562326390884534, -0.0001232904091113472, -0.00011610872134392351, -1.1148956888764639e-06, -2.3815182018105396e-07]",0.0901288302051387
Coverage,Premium,LO84523,"['Monthly Premium Auto', 'Total Claim Amount', 'Customer Lifetime Value', 'Number of Policies', 'EmploymentStatus', 'Vehicle Size', 'Number of Open Complaints', 'Sales Channel']","[0.5321462878386318, 0.020627239380892618, 0.02040690183498859, 0.017176920282965722, 0.0001996718277704309, 0.00018758595227003655, 3.396569658677104e-06, 2.380225561867091e-06]","['Vehicle Class', 'Location Code', 'Income', 'Gender', 'Months Since Last Claim', 'Marital Status', 'Education', 'Months Since Policy Inception', 'State', 'Policy Type']","[-0.6730396907781828, -0.0011277236768384832, -0.0006756311978469649, -0.0006060278819901843, -0.0002988923369340938, -0.00017698617114172917, -7.566037606503963e-05, -5.350974737109186e-05, -3.300273590322407e-05, -1.3550588688348067e-07]",0.0901288302051387
Coverage,Premium,YC54142,"['Monthly Premium Auto', 'Customer Lifetime Value', 'Total Claim Amount', 'Gender', 'Vehicle Size', 'Sales Channel', 'Months Since Policy Inception', 'Number of Open Complaints']","[0.09924130742109123, 0.04795911179194597, 0.04144712757510602, 0.0003703375268081628, 0.00025117134498724104, 0.0001476917464233148, 8.472257904694872e-05, 5.1679732660261186e-05]","['Vehicle Class', 'Number of Policies', 'Location Code', 'Income', 'Months Since Last Claim', 'Marital Status', 'EmploymentStatus', 'Education', 'Policy Type', 'State']","[-0.2628325482189783, -0.005541623133208297, -0.00420174121609429, -0.0025439664830145315, -0.0016465484739436817, -0.001376838869505352, -0.0009387384762986524, -0.0002039377150112189, -8.158040971986988e-05, -3.8102002018484363e-07]",0.0901288302051387
Coverage,Premium,GP99578,"['Monthly Premium Auto', 'Total Claim Amount', 'Customer Lifetime Value', 'Number of Policies', 'Vehicle Size', 'EmploymentStatus', 'State', 'Gender', 'Number of Open Complaints']","[0.6108666931413355, 0.030289586429649656, 0.015302627695697672, 0.009845408282303167, 0.0002450854225782351, 0.0001502609370041749, 9.225397096019697e-06, 3.953724161236192e-06, 9.740870105207626e-07]","['Vehicle Class', 'Location Code', 'Income', 'Months Since Last Claim', 'Marital Status', 'Sales Channel', 'Months Since Policy Inception', 'Education', 'Policy Type']","[-0.7452114178109656, -0.003260452009579162, -0.0020648886896877257, -0.0005189995883664254, -0.0004343823329407401, -0.00027216175039269697, -0.0002328943006592311, -0.00015934043107753345, -1.341597296129774e-07]",0.0901288302051387
Coverage,Premium,AZ84403,"['Monthly Premium Auto', 'Total Claim Amount', 'Customer Lifetime Value', 'Vehicle Size', 'Number of Open Complaints', 'Marital Status', 'Education', 'Sales Channel']","[0.07735679336385023, 0.018449596452714826, 0.014542726605477917, 0.00010671700005648047, 4.953412880185615e-05, 4.218890291473736e-05, 4.6279970022495955e-06, 1.36428438065624e-07]","['Vehicle Class', 'Income', 'Location Code', 'Number of Policies', 'EmploymentStatus', 'Gender', 'Months Since Last Claim', 'Months Since Policy Inception', 'Policy Type', 'State']","[-0.19150744043558843, -0.0028609246154632823, -0.0025993504454309225, -0.002400037099819391, -0.0006256403171872039, -0.00013672414673147814, -0.00010580243438722792, -9.492017623636818e-05, -9.245533483079652e-05, -9.157823374396819e-08]",0.0901288302051387
Coverage,Premium,JT47995,"['Monthly Premium Auto', 'Customer Lifetime Value', 'Total Claim Amount', 'Sales Channel', 'Months Since Last Claim', 'Marital Status', 'Months Since Policy Inception', 'Number of Open Complaints']","[0.045022145934059815, 0.003597270701337764, 0.002259490264464502, 0.00041768224360770053, 0.0003602529799582352, 0.0003154133066845812, 3.385620844045796e-05, 2.9264261183617048e-05]","['Vehicle Class', 'Location Code', 'Income', 'Number of Policies', 'EmploymentStatus', 'Gender', 'Vehicle Size', 'Policy Type', 'State', 'Education']","[-0.13661110178681843, -0.001722049187951019, -0.001434052943296944, -0.0013038730149233814, -0.0004966351192139355, -0.00019340443198681304, -0.00016343017357315224, -8.565436563515515e-05, -1.9231011906068195e-05, -7.737798826288313e-06]",0.0901288302051387
Coverage,Premium,HB29169,"['Monthly Premium Auto', 'Customer Lifetime Value', 'Total Claim Amount', 'Months Since Policy Inception', 'Marital Status', 'Vehicle Size', 'Education', 'Policy Type']","[0.9510629718948672, 0.002491209417196969, 0.002211634762591204, 0.00019711764168226704, 0.0001956387334018123, 3.8918067763012414e-05, 2.398678174833325e-05, 1.2529973751162875e-08]","['Vehicle Class', 'Number of Policies', 'Income', 'Location Code', 'Months Since Last Claim', 'Sales Channel', 'EmploymentStatus', 'Number of Open Complaints', 'State', 'Gender']","[-0.04598150290631875, -0.0008194049300601598, -0.00039262946384100225, -0.0002043426609165718, -0.0001457442632632817, -6.214381939279967e-05, -9.20378945716306e-06, -3.154852761664053e-06, -2.5577069888655995e-06, -6.162753824506714e-07]",0.0901288302051387
Coverage,Premium,SS13550,"['Monthly Premium Auto', 'Number of Policies', 'Total Claim Amount', 'Customer Lifetime Value', 'EmploymentStatus', 'State', 'Number of Open Complaints']","[0.45105993492321067, 0.011657683466234503, 0.010876405076867638, 0.007423482372465707, 0.000145875281323641, 1.1127057887029326e-05, 4.3786884666515696e-07]","['Vehicle Class', 'Income', 'Location Code', 'Sales Channel', 'Marital Status', 'Months Since Last Claim', 'Months Since Policy Inception', 'Education', 'Vehicle Size', 'Gender', 'Policy Type']","[-0.5603049366586986, -0.002286980439275645, -0.0022484671976635015, -0.0005109518907411738, -0.0004958293260343506, -0.0004759089087623297, -0.00025039263786298785, -0.00025004466926098603, -0.00011131424773938875, -7.575707219014613e-05, -1.5295276643135596e-06]",0.0901288302051387
Coverage,Premium,VN73653,"['Monthly Premium Auto', 'Total Claim Amount', 'Number of Policies', 'Customer Lifetime Value', 'Sales Channel', 'Vehicle Size', 'EmploymentStatus', 'Policy Type', 'Number of Open Complaints']","[0.4943298437240435, 0.01217850788719438, 0.010706096777758115, 0.00971932684177419, 0.00035721702659598416, 0.00016133162968806958, 0.00015092726096857737, 4.185727691992033e-06, 8.584308657024021e-07]","['Vehicle Class', 'Location Code', 'Income', 'Months Since Policy Inception', 'Marital Status', 'Months Since Last Claim', 'Education', 'State', 'Gender']","[-0.6085145883761172, -0.001509546706618745, -0.0010218626759613055, -0.00045446461831382556, -0.0002945810258193711, -0.00018498663483033448, -8.050039480552976e-05, -2.164145619529499e-05, -1.3262453950261925e-06]",0.0901288302051387
Coverage,Premium,IT92328,"['Monthly Premium Auto', 'Customer Lifetime Value', 'Total Claim Amount', 'Number of Policies', 'Sales Channel', 'State', 'Months Since Policy Inception', 'Vehicle Size', 'Policy Type']","[0.9529306449551204, 0.005242911298763631, 0.0022964969531155278, 0.0021076564245360754, 0.0005866085284256716, 8.755048362360403e-05, 2.148179903453978e-05, 1.768140093094337e-05, 2.774659422791529e-06]","['Vehicle Class', 'Income', 'Location Code', 'Months Since Last Claim', 'Marital Status', 'EmploymentStatus', 'Education', 'Gender', 'Number of Open Complaints']","[-0.05334451005455768, -0.00036293606797542223, -0.00033036789337339553, -0.00014387827036229197, -7.05418709037632e-05, -1.659896232913149e-05, -1.4958330224329992e-05, -1.0443156219954822e-05, -2.8779930295407556e-08]",0.0901288302051387
Coverage,Premium,LX33054,"['Monthly Premium Auto', 'Customer Lifetime Value', 'Number of Policies', 'Total Claim Amount', 'Months Since Last Claim', 'Vehicle Size', 'EmploymentStatus', 'Months Since Policy Inception', 'Sales Channel', 'Number of Open Complaints']","[0.5974908763259643, 0.022710972760973655, 0.018557579570104576, 0.014914526375127591, 0.0005033886560563144, 0.00021126103747339623, 0.00016828220760372887, 8.710143771103962e-05, 1.1206869199741754e-05, 3.632147936461199e-06]","['Vehicle Class', 'Location Code', 'Income', 'Gender', 'Marital Status', 'State', 'Education', 'Policy Type']","[-0.7347168994726687, -0.0021146223873782116, -0.0017612958735905195, -0.0004768063913948282, -0.0002199024822710992, -3.6211097206939224e-05, -3.5234350886661254e-05, -4.814754813274269e-07]",0.0901288302051387
Coverage,Premium,ZD75163,"['Monthly Premium Auto', 'Customer Lifetime Value', 'Total Claim Amount', 'Number of Policies', 'Months Since Last Claim', 'Months Since Policy Inception', 'Vehicle Size', 'State', 'Policy Type', 'Sales Channel', 'Number of Open Complaints']","[0.9407136858579332, 0.010800569871726525, 0.002261637205629753, 0.0010898717413691007, 0.00024151505442643375, 1.4903714861962903e-05, 8.718939532023007e-06, 4.107867634598149e-06, 2.723641272747264e-06, 6.735972800297885e-07, 5.884406932648006e-07]","['Vehicle Class', 'Location Code', 'Income', 'EmploymentStatus', 'Gender', 'Marital Status', 'Education']","[-0.04579719627449929, -0.00024322415107421222, -0.00020826472732305584, -2.940149867415655e-05, -2.1727254735494302e-05, -1.9788865015130116e-05, -1.0407774876900651e-05]",0.0901288302051387
Coverage,Premium,MJ25422,"['Monthly Premium Auto', 'Customer Lifetime Value', 'Total Claim Amount', 'Months Since Policy Inception', 'Marital Status', 'Vehicle Size', 'EmploymentStatus', 'Number of Open Complaints']","[0.5264607863896812, 0.03245656246926425, 0.015407396920234151, 0.0014290931461885422, 0.000336410029318057, 0.00026670474928654767, 0.00014442524091072475, 1.265063767199463e-06]","['Vehicle Class', 'Number of Policies', 'Location Code', 'Income', 'Sales Channel', 'Months Since Last Claim', 'Education', 'Policy Type', 'State', 'Gender']","[-0.649386545470647, -0.004637625791717789, -0.0041005223369430036, -0.0022125925283704843, -0.0010062817466289207, -9.298775512880882e-05, -4.59859334455184e-05, -1.9485647874481432e-06, -1.7930901865449423e-06, -1.2161995918512533e-06]",0.0901288302051387
Coverage,Premium,FM30352,"['Monthly Premium Auto', 'Total Claim Amount', 'Customer Lifetime Value', 'Number of Policies', 'Months Since Last Claim', 'Gender', 'Months Since Policy Inception', 'Vehicle Size', 'Number of Open Complaints']","[0.9513909633271237, 0.007565547647395803, 0.0038927125959343366, 0.0013090298883795973, 0.00011504061270401981, 8.685563329115387e-05, 3.5883527270694705e-05, 3.424037187987381e-05, 3.752251073622026e-06]","['Vehicle Class', 'Income', 'Location Code', 'Marital Status', 'EmploymentStatus', 'Sales Channel', 'State', 'Education', 'Policy Type']","[-0.05439448759758291, -0.0006610459356000995, -0.0003746607731077514, -5.7795577496078395e-05, -2.225316029352864e-05, -4.427883744753591e-06, -4.32504784957273e-06, -3.31563096384848e-06, -2.165449078680356e-07]",0.0901288302051387
Coverage,Premium,HR64765,"['Monthly Premium Auto', 'Customer Lifetime Value', 'Total Claim Amount', 'Number of Policies', 'Months Since Policy Inception', 'Gender', 'Number of Open Complaints']","[0.0778473541911706, 0.05357132665758726, 0.023672069970382893, 0.010014778989436498, 0.0015454486980857553, 8.075687386850581e-05, 2.3407258117159063e-05]","['Vehicle Class', 'Location Code', 'Income', 'EmploymentStatus', 'Marital Status', 'Months Since Last Claim', 'Vehicle Size', 'State', 'Sales Channel', 'Policy Type', 'Education']","[-0.24579888655271662, -0.004453161119133968, -0.0027654677502329445, -0.0016554502898157844, -0.000502641302346512, -0.0004935883735958904, -0.0004808912221862626, -4.1747408325271454e-05, -3.9195576632797616e-05, -2.182624511315607e-05, -1.134883314162704e-05]",0.0901288302051387
Coverage,Premium,MS41043,"['Monthly Premium Auto', 'Total Claim Amount', 'Customer Lifetime Value', 'Number of Policies', 'EmploymentStatus', 'Vehicle Size', 'Marital Status', 'Months Since Policy Inception', 'Number of Open Complaints']","[0.5339148436341804, 0.011817823865904464, 0.008265837325482037, 0.002059701950098227, 0.0013377394141433658, 0.0002024444167030452, 6.510867798004946e-05, 3.662069166556714e-05, 2.2293689483938447e-07]","['Vehicle Class', 'Location Code', 'Income', 'Months Since Last Claim', 'Sales Channel', 'Education', 'State', 'Policy Type', 'Gender']","[-0.6367943210546542, -0.0037411638465164976, -0.0021321475372731145, -0.0003937559837543731, -0.00016717601189574196, -0.00013440427116708845, -4.2353297433847985e-06, -1.5920945468111116e-06, -6.068527516947701e-07]",0.0901288302051387
Coverage,Premium,JN66901,"['Monthly Premium Auto', 'Total Claim Amount', 'Customer Lifetime Value', 'Number of Policies', 'Months Since Policy Inception', 'Months Since Last Claim', 'EmploymentStatus', 'Vehicle Size', 'State', 'Policy Type', 'Number of Open Complaints']","[0.5424378124918693, 0.01281361631530687, 0.009043412350766021, 0.004847868939000449, 0.0007504551327087121, 0.0005460955655719413, 0.0001248109269989074, 9.712399180766482e-05, 1.0575242079265135e-05, 1.1807739129351913e-06, 6.020229752678765e-07]","['Vehicle Class', 'Location Code', 'Income', 'Marital Status', 'Sales Channel', 'Education', 'Gender']","[-0.6518538910709378, -0.0011059890084342832, -0.0008881354277335031, -0.000535550628647983, -0.0004529713968072517, -1.6257736776042086e-05, -8.429075618340223e-06]",0.0901288302051387
Coverage,Premium,DH34004,"['Monthly Premium Auto', 'Total Claim Amount', 'Number of Policies', 'Customer Lifetime Value', 'EmploymentStatus', 'Months Since Policy Inception', 'Vehicle Size', 'Marital Status', 'Sales Channel']","[0.5624513149364244, 0.01878934972664045, 0.018018752520671286, 0.01111531730195718, 0.00021862258310464692, 9.409836786026388e-05, 8.597992684054405e-05, 5.75844416754772e-05, 3.427009373259777e-06]","['Vehicle Class', 'Income', 'Location Code', 'Months Since Last Claim', 'Gender', 'Education', 'State', 'Number of Open Complaints', 'Policy Type']","[-0.6907828563188965, -0.0020558845731150142, -0.0020069635835416578, -0.00046371946056552004, -0.0001318514723608857, -4.8661560851525026e-05, -1.5578113985078208e-05, -1.2060676326020627e-05, -1.6570623727422466e-06]",0.0901288302051387
Coverage,Premium,RN12107,"['Monthly Premium Auto', 'Customer Lifetime Value', 'Total Claim Amount', 'Number of Policies', 'Months Since Last Claim', 'Gender', 'Vehicle Size', 'Policy Type', 'Months Since Policy Inception', 'Number of Open Complaints']","[0.9460204826381168, 0.007109467018327851, 0.005345769488474813, 0.0036045129250153484, 0.0001035267280845772, 8.22668681699689e-05, 6.800445917395463e-05, 5.427882068739787e-06, 3.39605066550693e-06, 2.5358196959689217e-06]","['Vehicle Class', 'Location Code', 'Income', 'Marital Status', 'EmploymentStatus', 'Education', 'State', 'Sales Channel']","[-0.052283356898202064, -0.0008392877478966335, -0.0002674562140876025, -0.00010919280633034574, -4.307301826459496e-05, -3.942140589777375e-06, -1.0942512456285636e-06, -3.1644099849313095e-07]",0.0901288302051387
Churn,False,KW56110,"['Education', 'Number of Open Complaints']","[0.008506066139740061, 0.001135377763733999]","['Income', 'Monthly Premium Auto', 'Total Claim Amount', 'Sales Channel', 'Number of Policies', 'Months Since Last Claim', 'State', 'EmploymentStatus', 'Vehicle Class', 'Customer Lifetime Value', 'Vehicle Size']","[-0.23392608221209918, -0.1802332860563493, -0.03962365426786876, -0.03281079016322927, -0.032215237002439355, -0.03121110543796733, -0.0298947071677998, -0.013900123585287258, -0.0075283025448764215, -0.002538471449719565, -0.0007738773005681292]",0.6076951550497258
Churn,False,UX92071,['Number of Open Complaints'],[0.0011370483005138398],"['Income', 'Monthly Premium Auto', 'Total Claim Amount', 'Number of Policies', 'Months Since Last Claim', 'State', 'EmploymentStatus', 'Education', 'Vehicle Class', 'Sales Channel', 'Customer Lifetime Value', 'Vehicle Size']","[-0.23424519635139235, -0.18804211666676773, -0.039680166097723464, -0.03226125698683237, -0.031257900971162204, -0.029938643514694163, -0.013918854749005245, -0.009730156163017773, -0.007540520948227363, -0.006109811732090912, -0.0025422866894488374, -0.0007750349802383432]",0.6076951550497258
Churn,False,LO84523,['Number of Open Complaints'],[0.0011043895801681274],"['Income', 'Monthly Premium Auto', 'Total Claim Amount', 'Sales Channel', 'Number of Policies', 'Months Since Last Claim', 'State', 'EmploymentStatus', 'Education', 'Vehicle Class', 'Customer Lifetime Value', 'Vehicle Size']","[-0.22799237154453827, -0.17527994396468835, -0.038574572588490355, -0.03188877538301813, -0.031361049776160416, -0.030343877497598388, -0.029079963532357398, -0.013551677808094253, -0.0094341476945381, -0.007302321476318804, -0.00246776494623454, -0.0007524212987878792]",0.6076951550497258
Churn,False,YC54142,['Number of Open Complaints'],[0.0011377813168517432],"['Income', 'Monthly Premium Auto', 'Months Since Last Claim', 'Total Claim Amount', 'Number of Policies', 'EmploymentStatus', 'Education', 'Vehicle Class', 'State', 'Sales Channel', 'Customer Lifetime Value', 'Vehicle Size']","[-0.23438519592210652, -0.18816442448127246, -0.054222292348227896, -0.0397049615872582, -0.03228144922665026, -0.013927072090100762, -0.009736815226377257, -0.007545883440758507, -0.006593195139962128, -0.006113718255647244, -0.0025439608969771033, -0.0007755429925256755]",0.6076951550497258
Churn,False,GP99578,['Number of Open Complaints'],[0.0012180854139564302],"['Income', 'Monthly Premium Auto', 'Total Claim Amount', 'Number of Policies', 'EmploymentStatus', 'Months Since Last Claim', 'Education', 'Vehicle Class', 'State', 'Sales Channel', 'Customer Lifetime Value', 'Vehicle Size']","[-0.24962987333878853, -0.20158750098569378, -0.04241623975347089, -0.03449021208656481, -0.014820866173488337, -0.011342926426269013, -0.010470484783238764, -0.008137727622491289, -0.006985475757786304, -0.006541695019860576, -0.002727809008877974, -0.000831322036121398]",0.6076951550497258
Churn,False,AZ84403,"['Months Since Last Claim', 'Number of Open Complaints']","[0.012509987579011566, 0.001231945790578588]","['Income', 'Monthly Premium Auto', 'Total Claim Amount', 'Number of Policies', 'State', 'EmploymentStatus', 'Vehicle Class', 'Sales Channel', 'Customer Lifetime Value', 'Education', 'Vehicle Size']","[-0.25224221733499586, -0.20390926382210897, -0.04288316528950399, -0.0348707681111525, -0.032437119190014296, -0.014973822458506753, -0.008240768618269997, -0.006615565417890504, -0.0027596300787202503, -0.0015067681004338725, -0.0008409751689403887]",0.6076951550497258
Churn,False,JT47995,"['Months Since Last Claim', 'Number of Open Complaints']","[0.012434644813003317, 0.0012252463428510212]","['Income', 'Monthly Premium Auto', 'Total Claim Amount', 'Sales Channel', 'Number of Policies', 'EmploymentStatus', 'Vehicle Class', 'State', 'Customer Lifetime Value', 'Education', 'Vehicle Size']","[-0.25098023838012057, -0.2027868458897692, -0.04265751408629893, -0.0354976916568952, -0.034686850223060145, -0.014899939609126334, -0.008190930283786715, -0.007019970421505754, -0.002744245931364372, -0.0014968184474695259, -0.0008363083312383607]",0.6076951550497258
Churn,False,HB29169,"['Months Since Last Claim', 'Education']","[0.012606008193897032, 0.009307288919107197]","['Income', 'Monthly Premium Auto', 'Total Claim Amount', 'Number of Policies', 'EmploymentStatus', 'Vehicle Class', 'State', 'Sales Channel', 'Customer Lifetime Value', 'Number of Open Complaints', 'Vehicle Size']","[-0.2538461799567205, -0.23365600401478218, -0.04317020357027207, -0.035104737480730196, -0.015067705791768287, -0.00830427845117977, -0.007093039058475633, -0.006661001283477882, -0.0027792156282367285, -0.0021408714149983655, -0.0008469163955141921]",0.6076951550497258
Churn,False,SS13550,['Number of Open Complaints'],[0.0011510581753139107],"['Income', 'Monthly Premium Auto', 'Months Since Last Claim', 'Total Claim Amount', 'Number of Policies', 'EmploymentStatus', 'Education', 'Vehicle Class', 'State', 'Sales Channel', 'Customer Lifetime Value', 'Vehicle Size']","[-0.23691833281098226, -0.1827420877142362, -0.054872986603603256, -0.04015392677067367, -0.032647087858840976, -0.01407572751488571, -0.009857545287594806, -0.007643135921335596, -0.006658734988585924, -0.006184475742145909, -0.0025742974018151264, -0.000784747932236532]",0.6076951550497258
Churn,False,VN73653,"['Sales Channel', 'Number of Open Complaints']","[0.02818944701121393, 0.001225992644331225]","['Income', 'Monthly Premium Auto', 'Total Claim Amount', 'Number of Policies', 'Months Since Last Claim', 'State', 'EmploymentStatus', 'Vehicle Class', 'Customer Lifetime Value', 'Education', 'Vehicle Size']","[-0.25112088493477847, -0.19475409353590795, -0.04268265461931652, -0.034707340508678304, -0.03375620313303424, -0.03228022644594096, -0.014908174511689297, -0.008196479067339956, -0.0027459593750892813, -0.0014979255992046564, -0.0008368281148978914]",0.6076951550497258
Churn,False,IT92328,['Sales Channel'],[0.02719155795911426],"['Income', 'Monthly Premium Auto', 'Total Claim Amount', 'Number of Policies', 'Months Since Last Claim', 'EmploymentStatus', 'Education', 'Vehicle Class', 'State', 'Customer Lifetime Value', 'Number of Open Complaints', 'Vehicle Size']","[-0.24334757961584227, -0.22302354446489087, -0.04129617768700812, -0.03357754247101216, -0.03259957591106037, -0.014452779546682067, -0.010166053786797183, -0.007891901864864683, -0.006824446909825291, -0.0026516696225593606, -0.002038291757289109, -0.0008082231346023901]",0.6076951550497258
Churn,False,LX33054,"['Months Since Last Claim', 'Number of Open Complaints']","[0.01191973359816523, 0.0011792205465323514]","['Income', 'Monthly Premium Auto', 'Total Claim Amount', 'Sales Channel', 'Number of Policies', 'State', 'EmploymentStatus', 'Education', 'Vehicle Class', 'Customer Lifetime Value', 'Vehicle Size']","[-0.24227496863695283, -0.18725202552550615, -0.04110533427148213, -0.03411915294004743, -0.03342206479759235, -0.031048315282370443, -0.014389899450112355, -0.010114373241487395, -0.007850204307980767, -0.002638723340179503, -0.0008042953180437848]",0.6076951550497258
Churn,False,ZD75163,"['Months Since Last Claim', 'Number of Open Complaints']","[0.01227169395643872, 0.0012107261154239114]","['Income', 'Monthly Premium Auto', 'Total Claim Amount', 'Number of Policies', 'EmploymentStatus', 'Education', 'Vehicle Class', 'State', 'Sales Channel', 'Customer Lifetime Value', 'Vehicle Size']","[-0.24824053899552745, -0.22796364562467325, -0.04216819633055133, -0.03428807152703612, -0.01473949367689258, -0.010402901111625206, -0.008083124829999504, -0.006949941658488997, -0.006502473186911886, -0.0027109241823888423, -0.000826199762629193]",0.6076951550497258
Churn,False,MJ25422,['Number of Open Complaints'],[0.001151769206947939],"['Income', 'Monthly Premium Auto', 'Total Claim Amount', 'Number of Policies', 'Months Since Last Claim', 'State', 'EmploymentStatus', 'Vehicle Class', 'Sales Channel', 'Customer Lifetime Value', 'Education', 'Vehicle Size']","[-0.2370538523560225, -0.19049911926768753, -0.04017796290851484, -0.03266666421230305, -0.031670465463181044, -0.030325879863561847, -0.014083678872388325, -0.007648350823105039, -0.006188265107118288, -0.0025759227035476906, -0.0013892772130866121, -0.0007852410833104021]",0.6076951550497258
Churn,False,FM30352,"['Sales Channel', 'Months Since Last Claim', 'Number of Open Complaints']","[0.028234718014940565, 0.012463949106804982, 0.0012278531360718687]","['Income', 'Monthly Premium Auto', 'Total Claim Amount', 'Number of Policies', 'State', 'EmploymentStatus', 'Education', 'Vehicle Class', 'Customer Lifetime Value', 'Vehicle Size']","[-0.2514714384353118, -0.23124019184726585, -0.04274532480713483, -0.034758419241983, -0.0323292565814719, -0.014928698753543489, -0.010560296906933966, -0.00821031526329149, -0.00275023124278541, -0.000838124007559591]",0.6076951550497258
Churn,False,HR64765,"['Vehicle Size', 'Number of Open Complaints']","[0.0027118639155523506, 0.0012244945604120445]","['Income', 'Monthly Premium Auto', 'Total Claim Amount', 'Number of Policies', 'EmploymentStatus', 'Months Since Last Claim', 'Education', 'Vehicle Class', 'State', 'Sales Channel', 'Customer Lifetime Value']","[-0.2508385423649664, -0.20266091511566933, -0.04263218801509349, -0.03466620887082384, -0.014891643078790134, -0.011401314115467555, -0.010529401207475277, -0.00818534152879179, -0.007016352827411334, -0.006575853155204216, -0.002742519982569501]",0.6076951550497258
Churn,False,MS41043,['Number of Open Complaints'],[0.0012345068795123265],"['Income', 'Monthly Premium Auto', 'Total Claim Amount', 'Number of Policies', 'EmploymentStatus', 'Months Since Last Claim', 'Vehicle Class', 'State', 'Sales Channel', 'Customer Lifetime Value', 'Education', 'Vehicle Size']","[-0.25272430200641693, -0.20433843930924872, -0.04296940901091396, -0.03494106461997013, -0.015002042379365137, -0.011492512723790647, -0.008259837468280849, -0.007064459160651822, -0.006629215125887367, -0.00276551285139954, -0.0015105781856649017, -0.0008427597073355028]",0.6076951550497258
Churn,False,JN66901,"['Months Since Last Claim', 'Number of Open Complaints']","[0.01241658076348231, 0.0012236387601628888]","['Income', 'Monthly Premium Auto', 'Total Claim Amount', 'Sales Channel', 'Number of Policies', 'EmploymentStatus', 'Education', 'Vehicle Class', 'State', 'Customer Lifetime Value', 'Vehicle Size']","[-0.2506772208817833, -0.19437617297341578, -0.04260335668689878, -0.03544945344511432, -0.03464271083671978, -0.01488219722404134, -0.01052153106111167, -0.008178980456836096, -0.007012233613686376, -0.0027405553248833745, -0.0008351887595414004]",0.6076951550497258
Churn,False,DH34004,['State'],[0.0471712461534028],"['Income', 'Monthly Premium Auto', 'Total Claim Amount', 'Sales Channel', 'Number of Policies', 'Months Since Last Claim', 'EmploymentStatus', 'Vehicle Class', 'Customer Lifetime Value', 'Number of Open Complaints', 'Education', 'Vehicle Size']","[-0.25247627171255943, -0.20411760255373454, -0.04292503401613189, -0.03573612258364902, -0.034904894723152634, -0.03395893708208433, -0.014987523628702006, -0.008250024539321357, -0.002762485782420094, -0.0021273851996628274, -0.001508617274165499, -0.0008418414478566536]",0.6076951550497258
Churn,False,RN12107,"['Months Since Last Claim', 'Number of Open Complaints']","[0.01178416140797299, 0.001167032741962847]","['Income', 'Monthly Premium Auto', 'Total Claim Amount', 'Number of Policies', 'State', 'EmploymentStatus', 'Education', 'Vehicle Class', 'Sales Channel', 'Customer Lifetime Value', 'Vehicle Size']","[-0.23995955571763097, -0.21961805769940274, -0.040693748240057365, -0.03308677906364193, -0.03072751684862994, -0.014254128252652987, -0.01000310180805755, -0.007760460808073856, -0.006269610602088291, -0.0026108287963270884, -0.0007958320754534649]",0.6076951550497258
Churn,True,KW56110,"['Income', 'Monthly Premium Auto', 'Total Claim Amount', 'Sales Channel', 'Number of Policies', 'Months Since Last Claim', 'State', 'EmploymentStatus', 'Vehicle Class', 'Customer Lifetime Value', 'Vehicle Size']","[0.23392608221209918, 0.1802332860563493, 0.03962365426786876, 0.03281079016322927, 0.032215237002439355, 0.03121110543796733, 0.0298947071677998, 0.013900123585287258, 0.0075283025448764215, 0.002538471449719565, 0.0007738773005681292]","['Education', 'Number of Open Complaints']","[-0.008506066139740061, -0.001135377763733999]",0.3923048449502742
Churn,True,UX92071,"['Income', 'Monthly Premium Auto', 'Total Claim Amount', 'Number of Policies', 'Months Since Last Claim', 'State', 'EmploymentStatus', 'Education', 'Vehicle Class', 'Sales Channel', 'Customer Lifetime Value', 'Vehicle Size']","[0.23424519635139235, 0.18804211666676773, 0.039680166097723464, 0.03226125698683237, 0.031257900971162204, 0.029938643514694163, 0.013918854749005245, 0.009730156163017773, 0.007540520948227363, 0.006109811732090912, 0.0025422866894488374, 0.0007750349802383432]",['Number of Open Complaints'],[-0.0011370483005138398],0.3923048449502742
Churn,True,LO84523,"['Income', 'Monthly Premium Auto', 'Total Claim Amount', 'Sales Channel', 'Number of Policies', 'Months Since Last Claim', 'State', 'EmploymentStatus', 'Education', 'Vehicle Class', 'Customer Lifetime Value', 'Vehicle Size']","[0.22799237154453827, 0.17527994396468835, 0.038574572588490355, 0.03188877538301813, 0.031361049776160416, 0.030343877497598388, 0.029079963532357398, 0.013551677808094253, 0.0094341476945381, 0.007302321476318804, 0.00246776494623454, 0.0007524212987878792]",['Number of Open Complaints'],[-0.0011043895801681274],0.3923048449502742
Churn,True,YC54142,"['Income', 'Monthly Premium Auto', 'Months Since Last Claim', 'Total Claim Amount', 'Number of Policies', 'EmploymentStatus', 'Education', 'Vehicle Class', 'State', 'Sales Channel', 'Customer Lifetime Value', 'Vehicle Size']","[0.23438519592210652, 0.18816442448127246, 0.054222292348227896, 0.0397049615872582, 0.03228144922665026, 0.013927072090100762, 0.009736815226377257, 0.007545883440758507, 0.006593195139962128, 0.006113718255647244, 0.0025439608969771033, 0.0007755429925256755]",['Number of Open Complaints'],[-0.0011377813168517432],0.3923048449502742
Churn,True,GP99578,"['Income', 'Monthly Premium Auto', 'Total Claim Amount', 'Number of Policies', 'EmploymentStatus', 'Months Since Last Claim', 'Education', 'Vehicle Class', 'State', 'Sales Channel', 'Customer Lifetime Value', 'Vehicle Size']","[0.24962987333878853, 0.20158750098569378, 0.04241623975347089, 0.03449021208656481, 0.014820866173488337, 0.011342926426269013, 0.010470484783238764, 0.008137727622491289, 0.006985475757786304, 0.006541695019860576, 0.002727809008877974, 0.000831322036121398]",['Number of Open Complaints'],[-0.0012180854139564302],0.3923048449502742
Churn,True,AZ84403,"['Income', 'Monthly Premium Auto', 'Total Claim Amount', 'Number of Policies', 'State', 'EmploymentStatus', 'Vehicle Class', 'Sales Channel', 'Customer Lifetime Value', 'Education', 'Vehicle Size']","[0.25224221733499586, 0.20390926382210897, 0.04288316528950399, 0.0348707681111525, 0.032437119190014296, 0.014973822458506753, 0.008240768618269997, 0.006615565417890504, 0.0027596300787202503, 0.0015067681004338725, 0.0008409751689403887]","['Months Since Last Claim', 'Number of Open Complaints']","[-0.012509987579011566, -0.001231945790578588]",0.3923048449502742
Churn,True,JT47995,"['Income', 'Monthly Premium Auto', 'Total Claim Amount', 'Sales Channel', 'Number of Policies', 'EmploymentStatus', 'Vehicle Class', 'State', 'Customer Lifetime Value', 'Education', 'Vehicle Size']","[0.25098023838012057, 0.2027868458897692, 0.04265751408629893, 0.0354976916568952, 0.034686850223060145, 0.014899939609126334, 0.008190930283786715, 0.007019970421505754, 0.002744245931364372, 0.0014968184474695259, 0.0008363083312383607]","['Months Since Last Claim', 'Number of Open Complaints']","[-0.012434644813003317, -0.0012252463428510212]",0.3923048449502742
Churn,True,HB29169,"['Income', 'Monthly Premium Auto', 'Total Claim Amount', 'Number of Policies', 'EmploymentStatus', 'Vehicle Class', 'State', 'Sales Channel', 'Customer Lifetime Value', 'Number of Open Complaints', 'Vehicle Size']","[0.2538461799567205, 0.23365600401478218, 0.04317020357027207, 0.035104737480730196, 0.015067705791768287, 0.00830427845117977, 0.007093039058475633, 0.006661001283477882, 0.0027792156282367285, 0.0021408714149983655, 0.0008469163955141921]","['Months Since Last Claim', 'Education']","[-0.012606008193897032, -0.009307288919107197]",0.3923048449502742
Churn,True,SS13550,"['Income', 'Monthly Premium Auto', 'Months Since Last Claim', 'Total Claim Amount', 'Number of Policies', 'EmploymentStatus', 'Education', 'Vehicle Class', 'State', 'Sales Channel', 'Customer Lifetime Value', 'Vehicle Size']","[0.23691833281098226, 0.1827420877142362, 0.054872986603603256, 0.04015392677067367, 0.032647087858840976, 0.01407572751488571, 0.009857545287594806, 0.007643135921335596, 0.006658734988585924, 0.006184475742145909, 0.0025742974018151264, 0.000784747932236532]",['Number of Open Complaints'],[-0.0011510581753139107],0.3923048449502742
Churn,True,VN73653,"['Income', 'Monthly Premium Auto', 'Total Claim Amount', 'Number of Policies', 'Months Since Last Claim', 'State', 'EmploymentStatus', 'Vehicle Class', 'Customer Lifetime Value', 'Education', 'Vehicle Size']","[0.25112088493477847, 0.19475409353590795, 0.04268265461931652, 0.034707340508678304, 0.03375620313303424, 0.03228022644594096, 0.014908174511689297, 0.008196479067339956, 0.0027459593750892813, 0.0014979255992046564, 0.0008368281148978914]","['Sales Channel', 'Number of Open Complaints']","[-0.02818944701121393, -0.001225992644331225]",0.3923048449502742
Churn,True,IT92328,"['Income', 'Monthly Premium Auto', 'Total Claim Amount', 'Number of Policies', 'Months Since Last Claim', 'EmploymentStatus', 'Education', 'Vehicle Class', 'State', 'Customer Lifetime Value', 'Number of Open Complaints', 'Vehicle Size']","[0.24334757961584227, 0.22302354446489087, 0.04129617768700812, 0.03357754247101216, 0.03259957591106037, 0.014452779546682067, 0.010166053786797183, 0.007891901864864683, 0.006824446909825291, 0.0026516696225593606, 0.002038291757289109, 0.0008082231346023901]",['Sales Channel'],[-0.02719155795911426],0.3923048449502742
Churn,True,LX33054,"['Income', 'Monthly Premium Auto', 'Total Claim Amount', 'Sales Channel', 'Number of Policies', 'State', 'EmploymentStatus', 'Education', 'Vehicle Class', 'Customer Lifetime Value', 'Vehicle Size']","[0.24227496863695283, 0.18725202552550615, 0.04110533427148213, 0.03411915294004743, 0.03342206479759235, 0.031048315282370443, 0.014389899450112355, 0.010114373241487395, 0.007850204307980767, 0.002638723340179503, 0.0008042953180437848]","['Months Since Last Claim', 'Number of Open Complaints']","[-0.01191973359816523, -0.0011792205465323514]",0.3923048449502742
Churn,True,ZD75163,"['Income', 'Monthly Premium Auto', 'Total Claim Amount', 'Number of Policies', 'EmploymentStatus', 'Education', 'Vehicle Class', 'State', 'Sales Channel', 'Customer Lifetime Value', 'Vehicle Size']","[0.24824053899552745, 0.22796364562467325, 0.04216819633055133, 0.03428807152703612, 0.01473949367689258, 0.010402901111625206, 0.008083124829999504, 0.006949941658488997, 0.006502473186911886, 0.0027109241823888423, 0.000826199762629193]","['Months Since Last Claim', 'Number of Open Complaints']","[-0.01227169395643872, -0.0012107261154239114]",0.3923048449502742
Churn,True,MJ25422,"['Income', 'Monthly Premium Auto', 'Total Claim Amount', 'Number of Policies', 'Months Since Last Claim', 'State', 'EmploymentStatus', 'Vehicle Class', 'Sales Channel', 'Customer Lifetime Value', 'Education', 'Vehicle Size']","[0.2370538523560225, 0.19049911926768753, 0.04017796290851484, 0.03266666421230305, 0.031670465463181044, 0.030325879863561847, 0.014083678872388325, 0.007648350823105039, 0.006188265107118288, 0.0025759227035476906, 0.0013892772130866121, 0.0007852410833104021]",['Number of Open Complaints'],[-0.001151769206947939],0.3923048449502742
Churn,True,FM30352,"['Income', 'Monthly Premium Auto', 'Total Claim Amount', 'Number of Policies', 'State', 'EmploymentStatus', 'Education', 'Vehicle Class', 'Customer Lifetime Value', 'Vehicle Size']","[0.2514714384353118, 0.23124019184726585, 0.04274532480713483, 0.034758419241983, 0.0323292565814719, 0.014928698753543489, 0.010560296906933966, 0.00821031526329149, 0.00275023124278541, 0.000838124007559591]","['Sales Channel', 'Months Since Last Claim', 'Number of Open Complaints']","[-0.028234718014940565, -0.012463949106804982, -0.0012278531360718687]",0.3923048449502742
Churn,True,HR64765,"['Income', 'Monthly Premium Auto', 'Total Claim Amount', 'Number of Policies', 'EmploymentStatus', 'Months Since Last Claim', 'Education', 'Vehicle Class', 'State', 'Sales Channel', 'Customer Lifetime Value']","[0.2508385423649664, 0.20266091511566933, 0.04263218801509349, 0.03466620887082384, 0.014891643078790134, 0.011401314115467555, 0.010529401207475277, 0.00818534152879179, 0.007016352827411334, 0.006575853155204216, 0.002742519982569501]","['Vehicle Size', 'Number of Open Complaints']","[-0.0027118639155523506, -0.0012244945604120445]",0.3923048449502742
Churn,True,MS41043,"['Income', 'Monthly Premium Auto', 'Total Claim Amount', 'Number of Policies', 'EmploymentStatus', 'Months Since Last Claim', 'Vehicle Class', 'State', 'Sales Channel', 'Customer Lifetime Value', 'Education', 'Vehicle Size']","[0.25272430200641693, 0.20433843930924872, 0.04296940901091396, 0.03494106461997013, 0.015002042379365137, 0.011492512723790647, 0.008259837468280849, 0.007064459160651822, 0.006629215125887367, 0.00276551285139954, 0.0015105781856649017, 0.0008427597073355028]",['Number of Open Complaints'],[-0.0012345068795123265],0.3923048449502742
Churn,True,JN66901,"['Income', 'Monthly Premium Auto', 'Total Claim Amount', 'Sales Channel', 'Number of Policies', 'EmploymentStatus', 'Education', 'Vehicle Class', 'State', 'Customer Lifetime Value', 'Vehicle Size']","[0.2506772208817833, 0.19437617297341578, 0.04260335668689878, 0.03544945344511432, 0.03464271083671978, 0.01488219722404134, 0.01052153106111167, 0.008178980456836096, 0.007012233613686376, 0.0027405553248833745, 0.0008351887595414004]","['Months Since Last Claim', 'Number of Open Complaints']","[-0.01241658076348231, -0.0012236387601628888]",0.3923048449502742
Churn,True,DH34004,"['Income', 'Monthly Premium Auto', 'Total Claim Amount', 'Sales Channel', 'Number of Policies', 'Months Since Last Claim', 'EmploymentStatus', 'Vehicle Class', 'Customer Lifetime Value', 'Number of Open Complaints', 'Education', 'Vehicle Size']","[0.25247627171255943, 0.20411760255373454, 0.04292503401613189, 0.03573612258364902, 0.034904894723152634, 0.03395893708208433, 0.014987523628702006, 0.008250024539321357, 0.002762485782420094, 0.0021273851996628274, 0.001508617274165499, 0.0008418414478566536]",['State'],[-0.0471712461534028],0.3923048449502742
Churn,True,RN12107,"['Income', 'Monthly Premium Auto', 'Total Claim Amount', 'Number of Policies', 'State', 'EmploymentStatus', 'Education', 'Vehicle Class', 'Sales Channel', 'Customer Lifetime Value', 'Vehicle Size']","[0.23995955571763097, 0.21961805769940274, 0.040693748240057365, 0.03308677906364193, 0.03072751684862994, 0.014254128252652987, 0.01000310180805755, 0.007760460808073856, 0.006269610602088291, 0.0026108287963270884, 0.0007958320754534649]","['Months Since Last Claim', 'Number of Open Complaints']","[-0.01178416140797299, -0.001167032741962847]",0.3923048449502742
